schedule_date,schedule_season,schedule_week,team_home,score_home,score_away,team_away,spread_favorite,home_win,away_win,favorite,underdog,score_favorite,score_underdog,season_total_points_for _favorite,season_total_points_against_favorite,season_total_points_for _underdog,season_total_points_against_underdog,win_percentage_favorite,win_percentage_underdog
9/10/2015,2015,1,NE,28,21,PIT,-7,1,0,NE,PIT,28,21,28,21,21,28,1,0
9/13/2015,2015,1,ARI,31,19,NO,-2.5,1,0,ARI,NO,31,19,31,19,19,31,1,0
9/13/2015,2015,1,BUF,27,14,IND,-1,1,0,IND,BUF,14,27,14,27,27,14,0,1
9/13/2015,2015,1,CHI,23,31,GB,-6.5,0,1,GB,CHI,31,23,31,23,23,31,1,0
9/13/2015,2015,1,DAL,27,26,NYG,-7,1,0,DAL,NYG,27,26,27,26,26,27,1,0
9/13/2015,2015,1,DEN,19,13,BAL,-4.5,1,0,DEN,BAL,19,13,19,13,13,19,1,0
9/13/2015,2015,1,HOU,20,27,KC,-1,0,1,KC,HOU,27,20,0,0,0,0,0,0
9/13/2015,2015,1,JAX,9,20,CAR,-3,0,1,CAR,JAX,20,9,0,0,0,0,0,0
9/13/2015,2015,1,NYJ,31,10,CLE,-3.5,1,0,NYJ,CLE,31,10,0,0,0,0,0,0
9/13/2015,2015,1,OAK,13,33,CIN,-3,0,1,OAK,CIN,13,33,0,0,0,0,0,0
9/13/2015,2015,1,LAC,33,28,DET,-3.5,1,0,LAC,DET,33,28,0,0,0,0,0,0
9/13/2015,2015,1,LAR,34,31,SEA,-3.5,1,0,SEA,LAR,31,34,0,0,0,0,0,0
9/13/2015,2015,1,TB,14,42,TEN,-3,0,1,TB,TEN,14,42,0,0,0,0,0,0
9/13/2015,2015,1,WAS,10,17,MIA,-4,0,1,MIA,WAS,17,10,0,0,0,0,0,0
9/14/2015,2015,1,ATL,26,24,PHI,-3,1,0,PHI,ATL,24,26,0,0,0,0,0,0
9/14/2015,2015,1,SF,20,3,MIN,-2.5,1,0,MIN,SF,3,20,0,0,0,0,0,0
9/17/2015,2015,2,KC,24,31,DEN,-3,0,1,KC,DEN,24,31,,,,,,
9/20/2015,2015,2,BUF,32,40,NE,-1,0,1,BUF,NE,32,,,,,,,
9/20/2015,2015,2,CAR,24,17,HOU,-3,1,0,CAR,HOU,24,,,,,,,
9/20/2015,2015,2,CHI,23,48,ARI,-2,0,1,ARI,CHI,48,,,,,,,
9/20/2015,2015,2,CIN,24,19,LAC,-3.5,1,0,CIN,LAC,24,,,,,,,
9/20/2015,2015,2,CLE,28,14,TEN,-1,1,0,TEN,CLE,14,,,,,,,
9/20/2015,2015,2,GB,27,17,SEA,-3,1,0,GB,SEA,27,,,,,,,
9/20/2015,2015,2,JAX,23,20,MIA,-6,1,0,MIA,JAX,20,,,,,,,
9/20/2015,2015,2,MIN,26,16,DET,-2.5,1,0,MIN,DET,26,,,,,,,
9/20/2015,2015,2,NO,19,26,TB,-9,0,1,NO,TB,19,,,,,,,
9/20/2015,2015,2,NYG,20,24,ATL,-2,0,1,NYG,ATL,20,,,,,,,
9/20/2015,2015,2,OAK,37,33,BAL,-6,1,0,BAL,OAK,33,,,,,,,
9/20/2015,2015,2,PHI,10,20,DAL,-6.5,0,1,PHI,DAL,10,,,,,,,
9/20/2015,2015,2,PIT,43,18,SF,-6,1,0,PIT,SF,43,,,,,,,
9/20/2015,2015,2,WAS,24,10,LAR,-3,1,0,LAR,WAS,10,,,,,,,
9/21/2015,2015,2,IND,7,20,NYJ,-6,0,1,IND,NYJ,7,,,,,,,
9/24/2015,2015,3,NYG,32,21,WAS,-3,1,0,NYG,WAS,32,,,,,,,
9/27/2015,2015,3,ARI,47,7,SF,-7,1,0,ARI,SF,47,,,,,,,
9/27/2015,2015,3,BAL,24,28,CIN,-1.5,0,1,BAL,CIN,24,,,,,,,
9/27/2015,2015,3,CAR,27,22,NO,-9.5,1,0,CAR,NO,27,,,,,,,
9/27/2015,2015,3,CLE,20,27,OAK,-3.5,0,1,CLE,OAK,20,,,,,,,
9/27/2015,2015,3,DAL,28,39,ATL,0,0,1,N/A,N/A,N/A,N/A,N/A,N/A,N/A,,,
9/27/2015,2015,3,DET,12,24,DEN,-3,0,1,DEN,DET,24,,,,,,,
9/27/2015,2015,3,HOU,19,9,TB,-6,1,0,HOU,TB,19,,,,,,,
9/27/2015,2015,3,MIA,14,41,BUF,-1,0,1,MIA,BUF,14,,,,,,,
9/27/2015,2015,3,MIN,31,14,LAC,-2,1,0,MIN,LAC,31,,,,,,,
9/27/2015,2015,3,NE,51,17,JAX,-14,1,0,NE,JAX,51,,,,,,,
9/27/2015,2015,3,NYJ,17,24,PHI,-3,0,1,NYJ,PHI,17,,,,,,,
9/27/2015,2015,3,SEA,26,0,CHI,-16.5,1,0,SEA,CHI,26,,,,,,,
9/27/2015,2015,3,LAR,6,12,PIT,-1,0,1,LAR,PIT,6,,,,,,,
9/27/2015,2015,3,TEN,33,35,IND,-3.5,0,1,IND,TEN,35,,,,,,,
9/28/2015,2015,3,GB,38,28,KC,-5.5,1,0,GB,KC,38,,,,,,,
10/1/2015,2015,4,PIT,20,23,BAL,-3,0,1,BAL,PIT,23,,,,,,,
10/4/2015,2015,4,ARI,22,24,LAR,-7,0,1,ARI,LAR,22,,,,,,,
10/4/2015,2015,4,ATL,48,21,HOU,-4.5,1,0,ATL,HOU,48,,,,,,,
10/4/2015,2015,4,BUF,10,24,NYG,-6,0,1,BUF,NYG,10,,,,,,,
10/4/2015,2015,4,CHI,22,20,OAK,-3,1,0,OAK,CHI,20,,,,,,,
10/4/2015,2015,4,CIN,36,21,KC,-3.5,1,0,CIN,KC,36,,,,,,,
10/4/2015,2015,4,DEN,23,20,MIN,-7,1,0,DEN,MIN,23,,,,,,,
10/4/2015,2015,4,IND,16,13,JAX,-4,1,0,IND,JAX,16,,,,,,,
10/4/2015,2015,4,MIA,14,27,NYJ,-2.5,0,1,NYJ,MIA,27,,,,,,,
10/4/2015,2015,4,NO,26,20,DAL,-3,1,0,NO,DAL,26,,,,,,,
10/4/2015,2015,4,LAC,30,27,CLE,-5,1,0,LAC,CLE,30,,,,,,,
10/4/2015,2015,4,SF,3,17,GB,-7.5,0,1,GB,SF,17,,,,,,,
10/4/2015,2015,4,TB,23,37,CAR,-3,0,1,CAR,TB,37,,,,,,,
10/4/2015,2015,4,WAS,23,20,PHI,-3,1,0,PHI,WAS,20,,,,,,,
10/5/2015,2015,4,SEA,13,10,DET,-10,1,0,SEA,DET,13,,,,,,,
10/8/2015,2015,5,HOU,20,27,IND,-5,0,1,HOU,IND,20,,,,,,,
10/11/2015,2015,5,ATL,25,19,WAS,-7,1,0,ATL,WAS,25,,,,,,,
10/11/2015,2015,5,BAL,30,33,CLE,-6.5,0,1,BAL,CLE,30,,,,,,,
10/11/2015,2015,5,CIN,27,24,SEA,-3,1,0,CIN,SEA,27,,,,,,,
10/11/2015,2015,5,DAL,6,30,NE,-8.5,0,1,NE,DAL,30,,,,,,,
10/11/2015,2015,5,DET,17,42,ARI,-4.5,0,1,ARI,DET,42,,,,,,,
10/11/2015,2015,5,GB,24,10,LAR,-9,1,0,GB,LAR,24,,,,,,,
10/11/2015,2015,5,KC,17,18,CHI,-9.5,0,1,KC,CHI,17,,,,,,,
10/11/2015,2015,5,NYG,30,27,SF,-7.5,1,0,NYG,SF,30,,,,,,,
10/11/2015,2015,5,OAK,10,16,DEN,-5.5,0,1,DEN,OAK,16,,,,,,,
10/11/2015,2015,5,PHI,39,17,NO,-6.5,1,0,PHI,NO,39,,,,,,,
10/11/2015,2015,5,TB,38,31,JAX,-1,1,0,TB,JAX,38,,,,,,,
10/11/2015,2015,5,TEN,13,14,BUF,-1,0,1,BUF,TEN,14,,,,,,,
10/12/2015,2015,5,LAC,20,24,PIT,-4,0,1,LAC,PIT,20,,,,,,,
10/15/2015,2015,6,NO,31,21,ATL,-3,1,0,ATL,NO,21,,,,,,,
10/18/2015,2015,6,BUF,21,34,CIN,-3,0,1,CIN,BUF,34,,,,,,,
10/18/2015,2015,6,CLE,23,26,DEN,-3.5,0,1,DEN,CLE,26,,,,,,,
10/18/2015,2015,6,DET,37,34,CHI,-3.5,1,0,DET,CHI,37,,,,,,,
10/18/2015,2015,6,GB,27,20,LAC,-10.5,1,0,GB,LAC,,,,,,,,
10/18/2015,2015,6,IND,27,34,NE,-9,0,1,NE,IND,,,,,,,,
10/18/2015,2015,6,JAX,20,31,HOU,-3,0,1,JAX,HOU,,,,,,,,
10/18/2015,2015,6,MIN,16,10,KC,-3.5,1,0,MIN,KC,,,,,,,,
10/18/2015,2015,6,NYJ,34,20,WAS,-7.5,1,0,NYJ,WAS,,,,,,,,
10/18/2015,2015,6,PIT,25,13,ARI,-5.5,1,0,ARI,PIT,,,,,,,,
10/18/2015,2015,6,SF,25,20,BAL,-2.5,1,0,BAL,SF,,,,,,,,
10/18/2015,2015,6,SEA,23,27,CAR,-7,0,1,SEA,CAR,,,,,,,,
10/18/2015,2015,6,TEN,10,38,MIA,-2.5,0,1,TEN,MIA,,,,,,,,
10/19/2015,2015,6,PHI,27,7,NYG,-3.5,1,0,PHI,NYG,,,,,,,,
10/22/2015,2015,7,SF,3,20,SEA,-6.5,0,1,SEA,SF,,,,,,,,
10/25/2015,2015,7,CAR,27,16,PHI,-2.5,1,0,CAR,PHI,,,,,,,,
10/25/2015,2015,7,DET,19,28,MIN,-1,0,1,DET,MIN,,,,,,,,
10/25/2015,2015,7,IND,21,27,NO,-5,0,1,IND,NO,,,,,,,,
10/25/2015,2015,7,JAX,34,31,BUF,-3.5,1,0,BUF,JAX,,,,,,,,
10/25/2015,2015,7,KC,23,13,PIT,-3.5,1,0,KC,PIT,,,,,,,,
10/25/2015,2015,7,MIA,44,26,HOU,-4.5,1,0,MIA,HOU,,,,,,,,
10/25/2015,2015,7,NE,30,23,NYJ,-7,1,0,NE,NYJ,,,,,,,,
10/25/2015,2015,7,NYG,27,20,DAL,-3,1,0,NYG,DAL,,,,,,,,
10/25/2015,2015,7,LAC,29,37,OAK,-3.5,0,1,LAC,OAK,,,,,,,,
10/25/2015,2015,7,LAR,24,6,CLE,-6,1,0,LAR,LAR,,,,,,,,
10/25/2015,2015,7,TEN,7,10,ATL,-6,0,1,ATL,TEN,,,,,,,,
10/25/2015,2015,7,WAS,31,30,TB,-3,1,0,WAS,TB,,,,,,,,
10/26/2015,2015,7,ARI,26,18,BAL,-10,1,0,ARI,BAL,,,,,,,,
10/29/2015,2015,8,NE,36,7,MIA,-8,1,0,NE,MIA,,,,,,,,
11/1/2015,2015,8,ATL,20,23,TB,-8,0,1,ATL,TB,,,,,,,,
11/1/2015,2015,8,BAL,29,26,LAC,-4.5,1,0,BAL,LAC,,,,,,,,
11/1/2015,2015,8,CHI,20,23,MIN,-1.5,0,1,MIN,CHI,,,,,,,,
11/1/2015,2015,8,CLE,20,34,ARI,-7,0,1,ARI,CLE,,,,,,,,
11/1/2015,2015,8,DAL,12,13,SEA,-5,0,1,SEA,DAL,,,,,,,,
11/1/2015,2015,8,DEN,29,10,GB,-2.5,1,0,GB,DEN,,,,,,,,
11/1/2015,2015,8,HOU,20,6,TEN,-3.5,1,0,HOU,TEN,,,,,,,,
11/1/2015,2015,8,KC,45,10,DET,-3,1,0,DET,KC,,,,,,,,
11/1/2015,2015,8,NO,52,49,NYG,-3,1,0,NO,NYG,,,,,,,,
11/1/2015,2015,8,OAK,34,20,NYJ,-3,1,0,NYJ,OAK,,,,,,,,
11/1/2015,2015,8,PIT,10,16,CIN,0,0,1,PICK,N/A,,,,,,,,
11/1/2015,2015,8,LAR,27,6,SF,-8,1,0,LAR,SF,,,,,,,,
11/2/2015,2015,8,CAR,29,26,IND,-5.5,1,0,CAR,IND,,,,,,,,
11/5/2015,2015,9,CIN,31,10,CLE,-13,1,0,CIN,CLE,,,,,,,,
11/8/2015,2015,9,BUF,33,17,MIA,-4,1,0,BUF,MIA,,,,,,,,
11/8/2015,2015,9,CAR,37,29,GB,-2.5,1,0,GB,CAR,,,,,,,,
11/8/2015,2015,9,DAL,27,33,PHI,-3,0,1,PHI,DAL,,,,,,,,
11/8/2015,2015,9,IND,27,24,DEN,-3.5,1,0,DEN,IND,,,,,,,,
11/8/2015,2015,9,MIN,21,18,LAR,-1,1,0,MIN,LAR,,,,,,,,
11/8/2015,2015,9,NE,27,10,WAS,-13.5,1,0,NE,WAS,,,,,,,,
11/8/2015,2015,9,NO,28,34,TEN,-6.5,0,1,NO,TEN,,,,,,,,
11/8/2015,2015,9,NYJ,28,23,JAX,-8,1,0,NYJ,JAX,,,,,,,,
11/8/2015,2015,9,PIT,38,35,OAK,-6,1,0,PIT,OAK,,,,,,,,
11/8/2015,2015,9,SF,17,16,ATL,-8.5,1,0,ATL,SF,,,,,,,,
11/8/2015,2015,9,TB,18,32,NYG,-2,0,1,NYG,TB,,,,,,,,
11/9/2015,2015,9,LAC,19,22,CHI,-3.5,0,1,LAC,CHI,,,,,,,,
11/12/2015,2015,10,NYJ,17,22,BUF,-2.5,0,1,NYJ,BUF,,,,,,,,
11/15/2015,2015,10,BAL,20,22,JAX,-5,0,1,BAL,JAX,,,,,,,,
11/15/2015,2015,10,DEN,13,29,KC,-3.5,0,1,DEN,KC,,,,,,,,
11/15/2015,2015,10,GB,16,18,DET,-10.5,0,1,GB,DET,,,,,,,,
11/15/2015,2015,10,NYG,26,27,NE,-7,0,1,NE,NYG,,,,,,,,
11/15/2015,2015,10,OAK,14,30,MIN,-3,0,1,OAK,MIN,,,,,,,,
11/15/2015,2015,10,PHI,19,20,MIA,-6,0,1,PHI,MIA,,,,,,,,
11/15/2015,2015,10,PIT,30,9,CLE,-7,1,0,PIT,CLE,,,,,,,,
11/15/2015,2015,10,SEA,32,39,ARI,-3,0,1,SEA,ARI,,,,,,,,
11/15/2015,2015,10,LAR,13,37,CHI,-7,0,1,LAR,CHI,,,,,,,,
11/15/2015,2015,10,TB,10,6,DAL,-1,1,0,DAL,TB,,,,,,,,
11/15/2015,2015,10,TEN,10,27,CAR,-3.5,0,1,CAR,TEN,,,,,,,,
11/15/2015,2015,10,WAS,47,14,NO,-1,1,0,NO,WAS,,,,,,,,
11/16/2015,2015,10,CIN,6,10,HOU,-10,0,1,CIN,HOU,,,,,,,,
11/19/2015,2015,11,JAX,19,13,TEN,-3,1,0,JAX,TEN,,,,,,,,
11/22/2015,2015,11,ARI,34,31,CIN,-4,1,0,ARI,CIN,,,,,,,,
11/22/2015,2015,11,ATL,21,24,IND,-3.5,0,1,ATL,IND,,,,,,,,
11/22/2015,2015,11,BAL,16,13,LAR,-3,1,0,BAL,LAR,,,,,,,,
11/22/2015,2015,11,CAR,44,16,WAS,-7,1,0,CAR,WAS,,,,,,,,
11/22/2015,2015,11,CHI,15,17,DEN,-2,0,1,DEN,CHI,,,,,,,,
11/22/2015,2015,11,DET,18,13,OAK,-1.5,1,0,OAK,DET,,,,,,,,
11/22/2015,2015,11,HOU,24,17,NYJ,-4,1,0,NYJ,HOU,,,,,,,,
11/22/2015,2015,11,MIA,14,24,DAL,-2,0,1,DAL,MIA,,,,,,,,
11/22/2015,2015,11,MIN,13,30,GB,0,0,1,PICK,N/A,,,,,,,,
11/22/2015,2015,11,PHI,17,45,TB,-6.5,0,1,PHI,TB,,,,,,,,
11/22/2015,2015,11,LAC,3,33,KC,-3,0,1,KC,LAC,,,,,,,,
11/22/2015,2015,11,SEA,29,13,SF,-14,1,0,SEA,SEA,,,,,,,,
11/23/2015,2015,11,NE,20,13,BUF,-7,1,0,NE,BUF,,,,,,,,
11/26/2015,2015,12,DAL,14,33,CAR,-1,0,1,CAR,DAL,,,,,,,,
11/26/2015,2015,12,DET,45,14,PHI,-3,1,0,DET,PHI,,,,,,,,
11/26/2015,2015,12,GB,13,17,CHI,-8,0,1,GB,CHI,,,,,,,,
11/29/2015,2015,12,ATL,10,20,MIN,-2,0,1,ATL,MIN,,,,,,,,
11/29/2015,2015,12,CIN,31,7,LAR,-9.5,1,0,CIN,LAR,,,,,,,,
11/29/2015,2015,12,DEN,30,24,NE,-2.5,1,0,NE,DEN,,,,,,,,
11/29/2015,2015,12,HOU,24,6,NO,-3.5,1,0,HOU,NO,,,,,,,,
11/29/2015,2015,12,IND,25,12,TB,-3,1,0,IND,TB,,,,,,,,
11/29/2015,2015,12,JAX,25,31,LAC,-5,0,1,JAX,LAC,,,,,,,,
11/29/2015,2015,12,KC,30,22,BUF,-4.5,1,0,KC,BUF,,,,,,,,
11/29/2015,2015,12,NYJ,38,20,MIA,-4.5,1,0,NYJ,MIA,,,,,,,,
11/29/2015,2015,12,SF,13,19,ARI,-8.5,0,1,ARI,SF,,,,,,,,
11/29/2015,2015,12,SEA,39,30,PIT,-3,1,0,SEA,PIT,,,,,,,,
11/29/2015,2015,12,TEN,21,24,OAK,-1,0,1,OAK,TEN,,,,,,,,
11/29/2015,2015,12,WAS,20,14,NYG,-1.5,1,0,NYG,WAS,,,,,,,,
11/30/2015,2015,12,CLE,27,33,BAL,-6,0,1,CLE,BAL,,,,,,,,
12/3/2015,2015,13,DET,23,27,GB,-2.5,0,1,GB,DET,,,,,,,,
12/6/2015,2015,13,BUF,30,21,HOU,-3,1,0,BUF,HOU,,,,,,,,
12/6/2015,2015,13,CHI,20,26,SF,-6.5,0,1,CHI,SF,,,,,,,,
12/6/2015,2015,13,CLE,3,37,CIN,-7.5,0,1,CIN,CLE,,,,,,,,
12/6/2015,2015,13,MIA,15,13,BAL,-3.5,1,0,MIA,BAL,,,,,,,,
12/6/2015,2015,13,MIN,7,38,SEA,-2.5,0,1,SEA,MIN,,,,,,,,
12/6/2015,2015,13,NE,28,35,PHI,-9.5,0,1,NE,PHI,,,,,,,,
12/6/2015,2015,13,NO,38,41,CAR,-6,0,1,CAR,NO,,,,,,,,
12/6/2015,2015,13,NYG,20,23,NYJ,-2.5,0,1,NYJ,NYG,,,,,,,,
12/6/2015,2015,13,OAK,20,34,KC,-3,0,1,KC,OAK,,,,,,,,
12/6/2015,2015,13,PIT,45,10,IND,-9.5,1,0,PIT,IND,,,,,,,,
12/6/2015,2015,13,LAC,3,17,DEN,-6,0,1,DEN,LAC,,,,,,,,
12/6/2015,2015,13,LAR,3,27,ARI,-3.5,0,1,ARI,LAR,,,,,,,,
12/6/2015,2015,13,TB,23,19,ATL,0,1,0,PICK,TB,,,,,,,,
12/6/2015,2015,13,TEN,42,39,JAX,-3,1,0,TEN,JAX,,,,,,,,
12/7/2015,2015,13,WAS,16,19,DAL,-2,0,1,WAS,DAL,,,,,,,,
12/10/2015,2015,14,ARI,23,20,MIN,-10,1,0,ARI,MIN,,,,,,,,
12/13/2015,2015,14,BAL,6,35,SEA,-10.5,0,1,SEA,BAL,,,,,,,,
12/13/2015,2015,14,CAR,38,0,ATL,-8.5,1,0,CAR,ATL,,,,,,,,
12/13/2015,2015,14,CHI,21,24,WAS,-4,0,1,CHI,WAS,,,,,,,,
12/13/2015,2015,14,CIN,20,33,PIT,-1,0,1,CIN,PIT,,,,,,,,
12/13/2015,2015,14,CLE,24,10,SF,-2.5,1,0,CLE,SF,,,,,,,,
12/13/2015,2015,14,DEN,12,15,OAK,-6,0,1,DEN,OAK,,,,,,,,
12/13/2015,2015,14,GB,28,7,DAL,-6.5,1,0,GB,DAL,,,,,,,,
12/13/2015,2015,14,HOU,6,27,NE,-5,0,1,NE,HOU,,,,,,,,
12/13/2015,2015,14,JAX,51,16,IND,-1,1,0,JAX,IND,,,,,,,,
12/13/2015,2015,14,KC,10,3,LAC,-12,1,0,KC,LAC,,,,,,,,
12/13/2015,2015,14,NYJ,30,8,TEN,-8,1,0,NYJ,TEN,,,,,,,,
12/13/2015,2015,14,PHI,23,20,BUF,-1,1,0,PHI,BUF,,,,,,,,
12/13/2015,2015,14,LAR,21,14,DET,-3,1,0,DET,LAR,,,,,,,,
12/13/2015,2015,14,TB,17,24,NO,-6,0,1,TB,NO,,,,,,,,
12/14/2015,2015,14,MIA,24,31,NYG,-2,0,1,NYG,MIA,,,,,,,,
12/17/2015,2015,15,LAR,31,23,TB,-1,1,0,LAR,TB,,,,,,,,
12/19/2015,2015,15,DAL,16,19,NYJ,-3.5,0,1,NYJ,DAL,,,,,,,,
12/20/2015,2015,15,BAL,14,34,KC,-6.5,0,1,KC,BAL,,,,,,,,
12/20/2015,2015,15,IND,10,16,HOU,-2,0,1,IND,HOU,,,,,,,,
12/20/2015,2015,15,JAX,17,23,ATL,-2,0,1,JAX,ATL,,,,,,,,
12/20/2015,2015,15,MIN,38,17,CHI,-4,1,0,MIN,CHI,,,,,,,,
12/20/2015,2015,15,NE,33,16,TEN,-14.5,1,0,NE,TEN,,,,,,,,
12/20/2015,2015,15,NYG,35,38,CAR,-5,0,1,CAR,NYG,,,,,,,,
12/20/2015,2015,15,OAK,20,30,GB,-4,0,1,GB,OAK,,,,,,,,
12/20/2015,2015,15,PHI,17,40,ARI,-4,0,1,ARI,PHI,,,,,,,,
12/20/2015,2015,15,PIT,34,27,DEN,-7.5,1,0,PIT,DEN,,,,,,,,
12/20/2015,2015,15,LAC,30,14,MIA,-1,1,0,LAC,MIA,,,,,,,,
12/20/2015,2015,15,SF,14,24,CIN,-6.5,0,1,CIN,SF,,,,,,,,
12/20/2015,2015,15,SEA,30,13,CLE,-14.5,1,0,SEA,CLE,,,,,,,,
12/20/2015,2015,15,WAS,35,25,BUF,-2,1,0,BUF,WAS,,,,,,,,
12/21/2015,2015,15,NO,27,35,DET,-2.5,0,1,NO,DET,,,,,,,,
12/24/2015,2015,16,OAK,23,20,LAC,-4,1,0,OAK,LAC,,,,,,,,
12/26/2015,2015,16,PHI,24,38,WAS,-3.5,0,1,PHI,WAS,,,,,,,,
12/27/2015,2015,16,ARI,38,8,GB,-6,1,0,ARI,GB,,,,,,,,
12/27/2015,2015,16,ATL,20,13,CAR,-7,1,0,CAR,ATL,,,,,,,,
12/27/2015,2015,16,BAL,20,17,PIT,-11.5,1,0,PIT,BAL,,,,,,,,
12/27/2015,2015,16,BUF,16,6,DAL,-6.5,1,0,BUF,DAL,,,,,,,,
12/27/2015,2015,16,DET,32,17,SF,-9,1,0,DET,SF,,,,,,,,
12/27/2015,2015,16,KC,17,13,CLE,-11.5,1,0,KC,CLE,,,,,,,,
12/27/2015,2015,16,MIA,12,18,IND,-2.5,0,1,MIA,IND,,,,,,,,
12/27/2015,2015,16,MIN,49,17,NYG,-7,1,0,MIN,NYG,,,,,,,,
12/27/2015,2015,16,NO,38,27,JAX,-2.5,1,0,NO,JAX,,,,,,,,
12/27/2015,2015,16,NYJ,26,20,NE,-2.5,1,0,NE,NYJ,,,,,,,,
12/27/2015,2015,16,SEA,17,23,LAR,-11,0,1,SEA,LAR,,,,,,,,
12/27/2015,2015,16,TB,21,26,CHI,-3,0,1,TB,CHI,,,,,,,,
12/27/2015,2015,16,TEN,6,34,HOU,-3.5,0,1,HOU,TEN,,,,,,,,
12/28/2015,2015,16,DEN,20,17,CIN,-4,1,0,DEN,CIN,,,,,,,,
1/3/2016,2015,17,ARI,6,36,SEA,-6,0,1,ARI,SEA,,,,,,,,
1/3/2016,2015,17,ATL,17,20,NO,-6,0,1,ATL,NO,,,,,,,,
1/3/2016,2015,17,BUF,22,17,NYJ,-3,1,0,NYJ,BUF,,,,,,,,
1/3/2016,2015,17,CAR,38,10,TB,-10,1,0,CAR,TB,,,,,,,,
1/3/2016,2015,17,CHI,20,24,DET,-2.5,0,1,DET,CHI,,,,,,,,
1/3/2016,2015,17,CIN,24,16,BAL,-9.5,1,0,CIN,BAL,,,,,,,,
1/3/2016,2015,17,CLE,12,28,PIT,-13,0,1,PIT,CLE,,,,,,,,
1/3/2016,2015,17,DAL,23,34,WAS,-3,0,1,DAL,WAS,,,,,,,,
1/3/2016,2015,17,DEN,27,20,LAC,-10,1,0,DEN,LAC,,,,,,,,
1/3/2016,2015,17,GB,13,20,MIN,-3,0,1,GB,MIN,,,,,,,,
1/3/2016,2015,17,HOU,30,6,JAX,-6,1,0,HOU,JAX,,,,,,,,
1/3/2016,2015,17,IND,30,24,TEN,-4,1,0,IND,TEN,,,,,,,,
1/3/2016,2015,17,KC,23,17,OAK,-6.5,1,0,KC,OAK,,,,,,,,
1/3/2016,2015,17,MIA,20,10,NE,-10,1,0,NE,MIA,,,,,,,,
1/3/2016,2015,17,NYG,30,35,PHI,-3.5,0,1,NYG,PHI,,,,,,,,
1/3/2016,2015,17,SF,19,16,LAR,-3,1,0,LAR,SF,,,,,,,,
1/9/2016,2015,Wildcard,CIN,16,18,PIT,-3,0,1,PIT,CIN,,,,,,,,
1/9/2016,2015,Wildcard,HOU,0,30,KC,-3,0,1,KC,HOU,,,,,,,,
1/10/2016,2015,Wildcard,MIN,9,10,SEA,-4.5,0,1,SEA,MIN,,,,,,,,
1/10/2016,2015,Wildcard,WAS,18,35,GB,-1,0,1,WAS,GB,,,,,,,,
1/16/2016,2015,Division,ARI,26,20,GB,-7,1,0,ARI,ARI,,,,,,,,
1/16/2016,2015,Division,NE,27,20,KC,-4.5,1,0,NE,KC,,,,,,,,
1/17/2016,2015,Division,CAR,31,24,SEA,-2.5,1,0,CAR,SEA,,,,,,,,
1/17/2016,2015,Division,DEN,23,16,PIT,-7.5,1,0,DEN,DEN,,,,,,,,
1/24/2016,2015,Conference,CAR,49,15,ARI,-3,1,0,CAR,ARI,,,,,,,,
1/24/2016,2015,Conference,DEN,20,18,NE,-3,1,0,NE,DEN,,,,,,,,
2/7/2016,2015,Superbowl,DEN,24,10,CAR,-4.5,1,0,CAR,DEN,,,,,,,,
9/8/2016,2016,1,DEN,21,20,CAR,-3,1,0,CAR,DEN,,,,,,,,
9/11/2016,2016,1,ARI,21,23,NE,-8.5,0,1,ARI,NE,,,,,,,,
9/11/2016,2016,1,ATL,24,31,TB,-2.5,0,1,ATL,TB,,,,,,,,
9/11/2016,2016,1,BAL,13,7,BUF,-3,1,0,BAL,BUF,,,,,,,,
9/11/2016,2016,1,DAL,19,20,NYG,-1,0,1,NYG,DAL,,,,,,,,
9/11/2016,2016,1,HOU,23,14,CHI,-5.5,1,0,HOU,CHI,,,,,,,,
9/11/2016,2016,1,IND,35,39,DET,-2.5,0,1,IND,DET,,,,,,,,
9/11/2016,2016,1,JAX,23,27,GB,-3.5,0,1,GB,JAX,,,,,,,,
9/11/2016,2016,1,KC,33,27,LAC,-6.5,1,0,KC,LAC,,,,,,,,
9/11/2016,2016,1,NO,34,35,OAK,-3,0,1,NO,OAK,,,,,,,,
9/11/2016,2016,1,NYJ,22,23,CIN,-1,0,1,CIN,NYJ,,,,,,,,
9/11/2016,2016,1,PHI,29,10,CLE,-3.5,1,0,PHI,CLE,,,,,,,,
9/11/2016,2016,1,SEA,12,10,MIA,-10.5,1,0,SEA,MIA,,,,,,,,
9/11/2016,2016,1,TEN,16,25,MIN,-2.5,0,1,MIN,TEN,,,,,,,,
9/12/2016,2016,1,SF,28,0,LAR,-2.5,1,0,LAR,SF,,,,,,,,
9/12/2016,2016,1,WAS,16,38,PIT,-2.5,0,1,PIT,WAS,,,,,,,,
9/15/2016,2016,2,BUF,31,37,NYJ,0,0,1,PICK,N/A,,,,,,,,
9/18/2016,2016,2,ARI,40,7,TB,-7,1,0,ARI,TB,,,,,,,,
9/18/2016,2016,2,CAR,46,27,SF,-12.5,1,0,CAR,SF,,,,,,,,
9/18/2016,2016,2,CLE,20,25,BAL,-4.5,0,1,BAL,CLE,,,,,,,,
9/18/2016,2016,2,DEN,34,20,IND,-6,1,0,DEN,IND,,,,,,,,
9/18/2016,2016,2,DET,15,16,TEN,-6,0,1,DET,TEN,,,,,,,,
9/18/2016,2016,2,HOU,19,12,KC,-1,1,0,HOU,KC,,,,,,,,
9/18/2016,2016,2,LAR,9,3,SEA,-5.5,1,0,SEA,LAR,,,,,,,,
9/18/2016,2016,2,MIN,17,14,GB,-2,1,0,GB,MIN,,,,,,,,
9/18/2016,2016,2,NE,31,24,MIA,-5.5,1,0,NE,MIA,,,,,,,,
9/18/2016,2016,2,NYG,16,13,NO,-4,1,0,NYG,NO,,,,,,,,
9/18/2016,2016,2,OAK,28,35,ATL,-4,0,1,OAK,ATL,,,,,,,,
9/18/2016,2016,2,PIT,24,16,CIN,-3,1,0,PIT,CIN,,,,,,,,
9/18/2016,2016,2,LAC,38,14,JAX,-3,1,0,LAC,JAX,,,,,,,,
9/18/2016,2016,2,WAS,23,27,DAL,-3,0,1,WAS,DAL,,,,,,,,
9/19/2016,2016,2,CHI,14,29,PHI,-3,0,1,CHI,PHI,,,,,,,,
9/22/2016,2016,3,NE,27,0,HOU,-1,1,0,NE,HOU,,,,,,,,
9/25/2016,2016,3,BUF,33,18,ARI,-5,1,0,ARI,BUF,,,,,,,,
9/25/2016,2016,3,CAR,10,22,MIN,-6.5,0,1,CAR,MIN,,,,,,,,
9/25/2016,2016,3,CIN,17,29,DEN,-3.5,0,1,CIN,DEN,,,,,,,,
9/25/2016,2016,3,DAL,31,17,CHI,-6.5,1,0,DAL,CHI,,,,,,,,
9/25/2016,2016,3,GB,34,27,DET,-6.5,1,0,GB,DET,,,,,,,,
9/25/2016,2016,3,IND,26,22,LAC,-1.5,1,0,IND,LAC,,,,,,,,
9/25/2016,2016,3,JAX,17,19,BAL,-2,0,1,BAL,JAX,,,,,,,,
9/25/2016,2016,3,KC,24,3,NYJ,-3,1,0,KC,KC,,,,,,,,
9/25/2016,2016,3,MIA,30,24,CLE,-10,1,0,MIA,CLE,,,,,,,,
9/25/2016,2016,3,NYG,27,29,WAS,-3.5,0,1,NYG,WAS,,,,,,,,
9/25/2016,2016,3,PHI,34,3,PIT,-4,1,0,PIT,PHI,,,,,,,,
9/25/2016,2016,3,SEA,37,18,SF,-10.5,1,0,SEA,SF,,,,,,,,
9/25/2016,2016,3,TB,32,37,LAR,-3.5,0,1,TB,LAR,,,,,,,,
9/25/2016,2016,3,TEN,10,17,OAK,-1.5,0,1,OAK,TEN,,,,,,,,
9/26/2016,2016,3,NO,32,45,ATL,-3,0,1,NO,ATL,,,,,,,,
9/29/2016,2016,4,CIN,22,7,MIA,-7.5,1,0,CIN,MIA,,,,,,,,
10/2/2016,2016,4,ARI,13,17,LAR,-10,0,1,ARI,LAR,,,,,,,,
10/2/2016,2016,4,ATL,48,33,CAR,-3,1,0,CAR,ATL,,,,,,,,
10/2/2016,2016,4,BAL,27,28,OAK,-3.5,0,1,BAL,OAK,,,,,,,,
10/2/2016,2016,4,CHI,17,14,DET,-3,1,0,DET,CHI,,,,,,,,
10/2/2016,2016,4,HOU,27,20,TEN,-3.5,1,0,HOU,TEN,,,,,,,,
10/2/2016,2016,4,JAX,30,27,IND,-1,1,0,IND,JAX,,,,,,,,
10/2/2016,2016,4,NE,0,16,BUF,-3.5,0,1,NE,BUF,,,,,,,,
10/2/2016,2016,4,NYJ,17,27,SEA,-1,0,1,SEA,NYJ,,,,,,,,
10/2/2016,2016,4,PIT,43,14,KC,-3.5,1,0,PIT,KC,,,,,,,,
10/2/2016,2016,4,LAC,34,35,NO,-3.5,0,1,LAC,NO,,,,,,,,
10/2/2016,2016,4,SF,17,24,DAL,-1,0,1,DAL,SF,,,,,,,,
10/2/2016,2016,4,TB,7,27,DEN,-3,0,1,DEN,TB,,,,,,,,
10/2/2016,2016,4,WAS,31,20,CLE,-7.5,1,0,WAS,CLE,,,,,,,,
10/3/2016,2016,4,MIN,24,10,NYG,-3.5,1,0,MIN,NYG,,,,,,,,
10/6/2016,2016,5,SF,21,33,ARI,-3.5,0,1,ARI,SF,,,,,,,,
10/9/2016,2016,5,BAL,10,16,WAS,-4,0,1,BAL,WAS,,,,,,,,
10/9/2016,2016,5,CLE,13,33,NE,-10,0,1,NE,CLE,,,,,,,,
10/9/2016,2016,5,DAL,28,14,CIN,-2.5,1,0,CIN,DAL,,,,,,,,
10/9/2016,2016,5,DEN,16,23,ATL,-3.5,0,1,DEN,ATL,,,,,,,,
10/9/2016,2016,5,DET,24,23,PHI,-3.5,1,0,PHI,DET,,,,,,,,
10/9/2016,2016,5,GB,23,16,NYG,-7,1,0,GB,NYG,,,,,,,,
10/9/2016,2016,5,IND,29,23,CHI,-4,1,0,IND,CHI,,,,,,,,
10/9/2016,2016,5,LAR,19,30,BUF,-2.5,0,1,BUF,LAR,,,,,,,,
10/9/2016,2016,5,MIA,17,30,TEN,-2.5,0,1,MIA,TEN,,,,,,,,
10/9/2016,2016,5,MIN,31,13,HOU,-6,1,0,MIN,HOU,,,,,,,,
10/9/2016,2016,5,OAK,34,31,LAC,-3.5,1,0,OAK,LAC,,,,,,,,
10/9/2016,2016,5,PIT,31,13,NYJ,-10,1,0,PIT,NYJ,,,,,,,,
10/10/2016,2016,5,CAR,14,17,TB,-6,0,1,CAR,TB,,,,,,,,
10/13/2016,2016,6,LAC,21,13,DEN,-3,1,0,DEN,LAC,,,,,,,,
10/16/2016,2016,6,BUF,45,16,SF,-7.5,1,0,BUF,SF,,,,,,,,
10/16/2016,2016,6,CHI,16,17,JAX,-2.5,0,1,CHI,JAX,,,,,,,,
10/16/2016,2016,6,DET,31,28,LAR,-2.5,1,0,DET,LAR,,,,,,,,
10/16/2016,2016,6,GB,16,30,DAL,-5,0,1,GB,DAL,,,,,,,,
10/16/2016,2016,6,HOU,26,23,IND,-3,1,0,HOU,IND,,,,,,,,
10/16/2016,2016,6,MIA,30,15,PIT,-7.5,1,0,PIT,MIA,,,,,,,,
10/16/2016,2016,6,NE,35,17,CIN,-7.5,1,0,NE,CIN,,,,,,,,
10/16/2016,2016,6,NO,41,38,CAR,-2.5,1,0,CAR,NO,,,,,,,,
10/16/2016,2016,6,NYG,27,23,BAL,-3.5,1,0,NYG,BAL,,,,,,,,
10/16/2016,2016,6,OAK,10,26,KC,-1,0,1,KC,OAK,,,,,,,,
10/16/2016,2016,6,SEA,26,24,ATL,-7,1,0,SEA,ATL,,,,,,,,
10/16/2016,2016,6,TEN,28,26,CLE,-7.5,1,0,TEN,CLE,,,,,,,,
10/16/2016,2016,6,WAS,27,20,PHI,-3,1,0,PHI,WAS,,,,,,,,
10/17/2016,2016,6,ARI,28,3,NYJ,-7,1,0,ARI,NYJ,,,,,,,,
10/20/2016,2016,7,GB,26,10,CHI,-7.5,1,0,GB,CHI,,,,,,,,
10/23/2016,2016,7,ARI,6,6,SEA,-2.5,0,0,ARI,SEA,,,,,,,,
10/23/2016,2016,7,ATL,30,33,LAC,-4.5,0,1,ATL,LAC,,,,,,,,
10/23/2016,2016,7,CIN,31,17,CLE,-11,1,0,CIN,CLE,,,,,,,,
10/23/2016,2016,7,DET,20,17,WAS,-1,1,0,WAS,DET,,,,,,,,
10/23/2016,2016,7,JAX,16,33,OAK,-2,0,1,JAX,OAK,,,,,,,,
10/23/2016,2016,7,KC,27,21,NO,-7,1,0,KC,NO,,,,,,,,
10/23/2016,2016,7,LAR,10,17,NYG,-2.5,0,1,NYG,LAR,,,,,,,,
10/23/2016,2016,7,MIA,28,25,BUF,-2.5,1,0,BUF,MIA,,,,,,,,
10/23/2016,2016,7,NYJ,24,16,BAL,-2.5,1,0,NYJ,BAL,,,,,,,,
10/23/2016,2016,7,PHI,21,10,MIN,-3,1,0,MIN,PHI,,,,,,,,
10/23/2016,2016,7,PIT,16,27,NE,-7.5,0,1,NE,PIT,,,,,,,,
10/23/2016,2016,7,SF,17,34,TB,-1,0,1,SF,TB,,,,,,,,
10/23/2016,2016,7,TEN,26,34,IND,-4,0,1,TEN,IND,,,,,,,,
10/24/2016,2016,7,DEN,27,9,HOU,-8.5,1,0,DEN,HOU,,,,,,,,
10/27/2016,2016,8,TEN,36,22,JAX,-3,1,0,TEN,JAX,,,,,,,,
10/30/2016,2016,8,ATL,33,32,GB,-3,1,0,ATL,GB,,,,,,,,
10/30/2016,2016,8,BUF,25,41,NE,-5.5,0,1,NE,BUF,,,,,,,,
10/30/2016,2016,8,CAR,30,20,ARI,-2.5,1,0,CAR,ARI,,,,,,,,
10/30/2016,2016,8,CIN,27,27,WAS,-3,0,0,CIN,WAS,,,,,,,,
10/30/2016,2016,8,CLE,28,31,NYJ,-2.5,0,1,NYJ,CLE,,,,,,,,
10/30/2016,2016,8,DAL,29,23,PHI,-5,1,0,DAL,PHI,,,,,,,,
10/30/2016,2016,8,DEN,27,19,LAC,-3.5,1,0,DEN,LAC,,,,,,,,
10/30/2016,2016,8,HOU,20,13,DET,-1,1,0,HOU,DET,,,,,,,,
10/30/2016,2016,8,IND,14,30,KC,-3,0,1,KC,IND,,,,,,,,
10/30/2016,2016,8,NO,25,20,SEA,-1,1,0,SEA,NO,,,,,,,,
10/30/2016,2016,8,TB,24,30,OAK,-1,0,1,TB,OAK,,,,,,,,
10/31/2016,2016,8,CHI,20,10,MIN,-4.5,1,0,MIN,CHI,,,,,,,,
11/3/2016,2016,9,TB,28,43,ATL,-4.5,0,1,ATL,TB,,,,,,,,
11/6/2016,2016,9,BAL,21,14,PIT,-3.5,1,0,PIT,BAL,,,,,,,,
11/6/2016,2016,9,CLE,10,35,DAL,-7,0,1,DAL,CLE,,,,,,,,
11/6/2016,2016,9,GB,26,31,IND,-7.5,0,1,GB,IND,,,,,,,,
11/6/2016,2016,9,KC,19,14,JAX,-7,1,0,KC,JAX,,,,,,,,
11/6/2016,2016,9,LAR,10,13,CAR,-3,0,1,CAR,LAR,,,,,,,,
11/6/2016,2016,9,MIA,27,23,NYJ,-3.5,1,0,MIA,NYJ,,,,,,,,
11/6/2016,2016,9,MIN,16,22,DET,-4.5,0,1,MIN,DET,,,,,,,,
11/6/2016,2016,9,NYG,28,23,PHI,-3,1,0,NYG,PHI,,,,,,,,
11/6/2016,2016,9,OAK,30,20,DEN,-1,1,0,OAK,DEN,,,,,,,,
11/6/2016,2016,9,LAC,43,35,TEN,-3.5,1,0,LAC,TEN,,,,,,,,
11/6/2016,2016,9,SF,23,41,NO,-5,0,1,NO,SF,,,,,,,,
11/7/2016,2016,9,SEA,31,25,BUF,-5.5,1,0,SEA,BUF,,,,,,,,
11/10/2016,2016,10,BAL,28,7,CLE,-7.5,1,0,BAL,CLE,,,,,,,,
11/13/2016,2016,10,ARI,23,20,SF,-14,1,0,ARI,SF,,,,,,,,
11/13/2016,2016,10,CAR,17,20,KC,-3,0,1,CAR,KC,,,,,,,,
11/13/2016,2016,10,JAX,21,24,HOU,-3,0,1,JAX,HOU,,,,,,,,
11/13/2016,2016,10,NE,24,31,SEA,-7.5,0,1,NE,SEA,,,,,,,,
11/13/2016,2016,10,NO,23,25,DEN,-3,0,1,NO,DEN,,,,,,,,
11/13/2016,2016,10,NYJ,6,9,LAR,-1,0,1,LAR,NYJ,,,,,,,,
11/13/2016,2016,10,PHI,24,15,ATL,-1.5,1,0,PHI,ATL,,,,,,,,
11/13/2016,2016,10,PIT,30,35,DAL,-3,0,1,PIT,DAL,,,,,,,,
11/13/2016,2016,10,LAC,24,31,MIA,-4.5,0,1,LAC,MIA,,,,,,,,
11/13/2016,2016,10,TB,36,10,CHI,-2.5,1,0,CHI,TB,,,,,,,,
11/13/2016,2016,10,TEN,47,25,GB,-3,1,0,GB,TEN,,,,,,,,
11/13/2016,2016,10,WAS,26,20,MIN,-2.5,1,0,WAS,MIN,,,,,,,,
11/14/2016,2016,10,NYG,21,20,CIN,0,1,0,PICK,N/A,,,,,,,,
11/17/2016,2016,11,CAR,23,20,NO,-3.5,1,0,CAR,NO,,,,,,,,
11/20/2016,2016,11,CIN,12,16,BUF,-2.5,0,1,CIN,BUF,,,,,,,,
11/20/2016,2016,11,CLE,9,24,PIT,-8.5,0,1,PIT,CLE,,,,,,,,
11/20/2016,2016,11,DAL,27,17,BAL,-7,1,0,DAL,BAL,,,,,,,,
11/20/2016,2016,11,DET,26,19,JAX,-5.5,1,0,DET,JAX,,,,,,,,
11/20/2016,2016,11,IND,24,17,TEN,-3,1,0,IND,TEB,,,,,,,,
11/20/2016,2016,11,KC,17,19,TB,-7,0,1,KC,TB,,,,,,,,
11/20/2016,2016,11,LAR,10,14,MIA,-1,0,1,MIA,LAR,,,,,,,,
11/20/2016,2016,11,MIN,30,24,ARI,-2,1,0,MIN,ARI,,,,,,,,
11/20/2016,2016,11,NYG,22,16,CHI,-7,1,0,NYG,CHI,,,,,,,,
11/20/2016,2016,11,SF,17,30,NE,-11.5,0,1,NE,SF,,,,,,,,
11/20/2016,2016,11,SEA,26,15,PHI,-6.5,1,0,SEA,PHI,,,,,,,,
11/20/2016,2016,11,WAS,42,24,GB,-3,1,0,WAS,GB,,,,,,,,
11/21/2016,2016,11,OAK,27,20,HOU,-6.5,1,0,OAK,HOU,,,,,,,,
11/24/2016,2016,12,DAL,31,26,WAS,-6,1,0,DAL,WAS,,,,,,,,
11/24/2016,2016,12,DET,16,13,MIN,-1.5,1,0,DET,MIN,,,,,,,,
11/24/2016,2016,12,IND,7,28,PIT,-8.5,0,1,PIT,IND,,,,,,,,
11/27/2016,2016,12,ATL,38,19,ARI,-4,1,0,ATL,ARI,,,,,,,,
11/27/2016,2016,12,BAL,19,14,CIN,-3.5,1,0,BAL,CIN,,,,,,,,
11/27/2016,2016,12,BUF,28,21,JAX,-8.5,1,0,BUF,JAX,,,,,,,,
11/27/2016,2016,12,CHI,21,27,TEN,-6.5,0,1,TEN,CHI,,,,,,,,
11/27/2016,2016,12,CLE,13,27,NYG,-6.5,0,1,NYG,NYG,,,,,,,,
11/27/2016,2016,12,DEN,27,30,KC,-3.5,0,1,DEN,KC,,,,,,,,
11/27/2016,2016,12,HOU,13,21,LAC,-2.5,0,1,LAC,HOU,,,,,,,,
11/27/2016,2016,12,MIA,31,24,SF,-7,1,0,MIA,SF,,,,,,,,
11/27/2016,2016,12,NO,49,21,LAR,-8,1,0,NO,LAR,,,,,,,,
11/27/2016,2016,12,NYJ,17,22,NE,-9.5,0,1,NE,NYJ,,,,,,,,
11/27/2016,2016,12,OAK,35,32,CAR,-3.5,1,0,OAK,CAR,,,,,,,,
11/27/2016,2016,12,TB,14,5,SEA,-5.5,1,0,SEA,TB,,,,,,,,
11/28/2016,2016,12,PHI,13,27,GB,-4,0,1,PHI,SEA,,,,,,,,
12/1/2016,2016,13,MIN,15,17,DAL,-3,0,1,DAL,MIN,,,,,,,,
12/4/2016,2016,13,ARI,31,23,WAS,-2.5,1,0,ARI,WAS,,,,,,,,
12/4/2016,2016,13,ATL,28,29,KC,-5,0,1,ATL,KC,,,,,,,,
12/4/2016,2016,13,BAL,38,6,MIA,-3.5,1,0,BAL,MIA,,,,,,,,
12/4/2016,2016,13,CHI,26,6,SF,-1,1,0,SF,CHI,,,,,,,,
12/4/2016,2016,13,CIN,32,14,PHI,-1.5,1,0,CIN,PHI,,,,,,,,
12/4/2016,2016,13,GB,21,13,HOU,-7,1,0,GB,HOU,,,,,,,,
12/4/2016,2016,13,JAX,10,20,DEN,-3.5,0,1,DEN,JAX,,,,,,,,
12/4/2016,2016,13,NE,26,10,LAR,-13.5,1,0,NE,LAR,,,,,,,,
12/4/2016,2016,13,NO,13,28,DET,-6.5,0,1,NO,DET,,,,,,,,
12/4/2016,2016,13,OAK,38,24,BUF,-3,1,0,OAK,BUF,,,,,,,,
12/4/2016,2016,13,PIT,24,14,NYG,-6.5,1,0,PIT,NYG,,,,,,,,
12/4/2016,2016,13,LAC,21,28,TB,-3.5,0,1,LAC,TB,,,,,,,,
12/4/2016,2016,13,SEA,40,7,CAR,-8.5,1,0,SEA,CAR,,,,,,,,
12/5/2016,2016,13,NYJ,10,41,IND,-1,0,1,NYJ,IND,,,,,,,,
12/8/2016,2016,14,KC,21,13,OAK,-3.5,1,0,KC,OAK,,,,,,,,
12/11/2016,2016,14,BUF,20,27,PIT,-2,0,1,PIT,BUF,,,,,,,,
12/11/2016,2016,14,CAR,28,16,LAC,-1,1,0,CAR,LAC,,,,,,,,
12/11/2016,2016,14,CLE,10,23,CIN,-5,0,1,CIN,CLE,,,,,,,,
12/11/2016,2016,14,DET,20,17,CHI,-7.5,1,0,DET,CHI,,,,,,,,
12/11/2016,2016,14,GB,38,10,SEA,-3,1,0,SEA,GB,,,,,,,,
12/11/2016,2016,14,IND,17,22,HOU,-6.5,0,1,IND,HOU,,,,,,,,
12/11/2016,2016,14,JAX,16,25,MIN,-3.5,0,1,MIN,JAX,,,,,,,,
12/11/2016,2016,14,LAR,14,42,ATL,-5,0,1,ATL,LAR,,,,,,,,
12/11/2016,2016,14,MIA,26,23,ARI,-2,1,0,ARI,MIA,,,,,,,,
12/11/2016,2016,14,NYG,10,7,DAL,-3.5,1,0,DAL,NYG,,,,,,,,
12/11/2016,2016,14,PHI,22,27,WAS,-2.5,0,1,WAS,PHI,,,,,,,,
12/11/2016,2016,14,SF,17,23,NYJ,-3,0,1,SF,NYJ,,,,,,,,
12/11/2016,2016,14,TB,16,11,NO,-2,1,0,TB,NO,,,,,,,,
12/11/2016,2016,14,TEN,13,10,DEN,-2,1,0,TEN,DEN,,,,,,,,
12/12/2016,2016,14,NE,30,23,BAL,-6,1,0,NE,BAL,,,,,,,,
12/15/2016,2016,15,SEA,24,3,LAR,-15,1,0,SEA,LAR,,,,,,,,
12/17/2016,2016,15,NYJ,13,34,MIA,-2.5,0,1,MIA,NYJ,,,,,,,,
12/18/2016,2016,15,ARI,41,48,NO,-3,0,1,ARI,NO,,,,,,,,
12/18/2016,2016,15,ATL,41,13,SF,-13.5,1,0,ATL,SF,,,,,,,,
12/18/2016,2016,15,BAL,27,26,PHI,-5,1,0,BAL,PHI,,,,,,,,
12/18/2016,2016,15,BUF,33,13,CLE,-10.5,1,0,BUF,CLE,,,,,,,,
12/18/2016,2016,15,CHI,27,30,GB,-4.5,0,1,GB,CHI,,,,,,,,
12/18/2016,2016,15,CIN,20,24,PIT,-3,0,1,PIT,CIN,,,,,,,,
12/18/2016,2016,15,DAL,26,20,TB,-7,1,0,DAL,TB,,,,,,,,
12/18/2016,2016,15,DEN,3,16,NE,-3,0,1,NE,DEN,,,,,,,,
12/18/2016,2016,15,HOU,21,20,JAX,-3.5,1,0,HOU,JAX,,,,,,,,
12/18/2016,2016,15,KC,17,19,TEN,-6,0,1,KC,TEN,,,,,,,,
12/18/2016,2016,15,MIN,6,34,IND,-5,0,1,MIN,IND,,,,,,,,
12/18/2016,2016,15,NYG,17,6,DET,-4,1,0,NYG,DET,,,,,,,,
12/18/2016,2016,15,LAC,16,19,OAK,-2.5,0,1,OAK,LAC,,,,,,,,
12/19/2016,2016,15,WAS,15,26,CAR,-7,0,1,WAS,CAR,,,,,,,,
12/22/2016,2016,16,PHI,24,19,NYG,-1.5,1,0,PHI,NYG,,,,,,,,
12/24/2016,2016,16,BUF,31,34,MIA,-4.5,0,1,BUF,MIA,,,,,,,,
12/24/2016,2016,16,CAR,16,33,ATL,-3,0,1,ATL,CAR,,,,,,,,
12/24/2016,2016,16,CHI,21,41,WAS,-3,0,1,WAS,CHI,,,,,,,,
12/24/2016,2016,16,CLE,20,17,LAC,-4.5,1,0,LAC,CLE,,,,,,,,
12/24/2016,2016,16,GB,38,25,MIN,-6,1,0,GB,MIN,,,,,,,,
12/24/2016,2016,16,HOU,12,10,CIN,-3,1,0,HOU,CIN,,,,,,,,
12/24/2016,2016,16,JAX,38,17,TEN,-4,1,0,TEN,JAX,,,,,,,,
12/24/2016,2016,16,LAR,21,22,SF,-6,0,1,LAR,SF,,,,,,,,
12/24/2016,2016,16,NE,41,3,NYJ,-17,1,0,NE,NYJ,,,,,,,,
12/24/2016,2016,16,NO,31,24,TB,-3,1,0,NO,TB,,,,,,,,
12/24/2016,2016,16,OAK,33,25,IND,-3.5,1,0,OAK,IND,,,,,,,,
12/24/2016,2016,16,SEA,31,34,ARI,-9,0,1,SEA,ARI,,,,,,,,
12/25/2016,2016,16,KC,33,10,DEN,-3.5,1,0,KC,DEN,,,,,,,,
12/25/2016,2016,16,PIT,31,27,BAL,-5.5,1,0,PIT,BAL,,,,,,,,
12/26/2016,2016,16,DAL,42,21,DET,-6.5,1,0,DAL,DET,,,,,,,,
1/1/2017,2016,17,ATL,38,32,NO,-7.5,1,0,ATL,NO,,,,,,,,
1/1/2017,2016,17,CIN,27,10,BAL,-2.5,1,0,BAL,CIN,,,,,,,,
1/1/2017,2016,17,DEN,24,6,OAK,-1,1,0,DEN,OAK,,,,,,,,
1/1/2017,2016,17,DET,24,31,GB,-3.5,0,1,GB,DET,,,,,,,,
1/1/2017,2016,17,IND,24,20,JAX,-5.5,1,0,IND,JAX,,,,,,,,
1/1/2017,2016,17,LAR,6,44,ARI,-7,0,1,ARI,LAR,,,,,,,,
1/1/2017,2016,17,MIA,14,35,NE,-7.5,0,1,NE,MIA,,,,,,,,
1/1/2017,2016,17,MIN,38,10,CHI,-6,1,0,MIN,CHI,,,,,,,,
1/1/2017,2016,17,NYJ,30,10,BUF,-3.5,1,0,BUF,NYJ,,,,,,,,
1/1/2017,2016,17,PHI,27,13,DAL,-6.5,1,0,PHI,DAL,,,,,,,,
1/1/2017,2016,17,PIT,27,24,CLE,-3,1,0,PIT,CLE,,,,,,,,
1/1/2017,2016,17,LAC,27,37,KC,-5.5,0,1,KC,LAC,,,,,,,,
1/1/2017,2016,17,SF,23,25,SEA,-11.5,0,1,SEA,SF,,,,,,,,
1/1/2017,2016,17,TB,17,16,CAR,-3,1,0,TB,CAR,,,,,,,,
1/1/2017,2016,17,TEN,24,17,HOU,-3,1,0,TEN,HOU,,,,,,,,
1/1/2017,2016,17,WAS,10,19,NYG,-9,0,1,WAS,NYG,,,,,,,,
1/7/2017,2016,WildCard,HOU,27,14,OAK,-4,1,0,HOU,OAK,,,,,,,,
1/7/2017,2016,WildCard,SEA,26,6,DET,-8,1,0,SEA,DET,,,,,,,,
1/8/2017,2016,WildCard,GB,38,13,NYG,-5,1,0,GB,NYG,,,,,,,,
1/8/2017,2016,WildCard,PIT,30,12,MIA,-11,1,0,PIT,MIA,,,,,,,,
1/14/2017,2016,Division,ATL,36,20,SEA,-6.5,1,0,ATL,SEA,,,,,,,,
1/14/2017,2016,Division,NE,34,16,HOU,-16,1,0,NE,HOU,,,,,,,,
1/15/2017,2016,Division,DAL,31,34,GB,-5.5,0,1,DAL,GB,,,,,,,,
1/15/2017,2016,Division,KC,16,18,PIT,-2.5,0,1,KC,PIT,,,,,,,,
1/22/2017,2016,Conference,ATL,44,21,GB,-6.5,1,0,ATL,GB,,,,,,,,
1/22/2017,2016,Conference,NE,36,17,PIT,-5.5,1,0,NE,PIT,,,,,,,,
2/5/2017,2016,SuperBowl,NE,34,28,ATL,-3,1,0,NE,ATL,,,,,,,,
9/7/2017,2017,1,NE,27,42,KC,-9,0,1,NE,KC,,,,,,,,
9/10/2017,2017,1,BUF,21,12,NYJ,-9.5,1,0,BUF,NYJ,,,,,,,,
9/10/2017,2017,1,CHI,17,23,ATL,-7,0,1,ATL,CHI,,,,,,,,
9/10/2017,2017,1,CIN,0,20,BAL,-3,0,1,CIN,BAL,,,,,,,,
9/10/2017,2017,1,CLE,18,21,PIT,-9,0,1,PIT,CLE,,,,,,,,
9/10/2017,2017,1,DAL,19,3,NYG,-3.5,1,0,DAL,NYG,,,,,,,,
9/10/2017,2017,1,DET,35,23,ARI,-2,1,0,ARI,DET,,,,,,,,
9/10/2017,2017,1,GB,17,9,SEA,-3,1,0,GB,SEA,,,,,,,,
9/10/2017,2017,1,HOU,7,29,JAX,-5.5,0,1,HOU,JAX,,,,,,,,
9/10/2017,2017,1,LAR,46,9,IND,-1.5,1,0,IND,LAR,,,,,,,,
9/10/2017,2017,1,SF,3,23,CAR,-5.5,0,1,CAR,SF,,,,,,,,
9/10/2017,2017,1,TEN,16,26,OAK,-2,0,1,TEN,OAK,,,,,,,,
9/10/2017,2017,1,WAS,17,30,PHI,-1,0,1,PHI,WAS,,,,,,,,
9/11/2017,2017,1,DEN,24,21,LAC,-3.5,1,0,DEN,LAC,,,,,,,,
9/11/2017,2017,1,MIN,29,19,NO,-3.5,1,0,MIN,NO,,,,,,,,
9/14/2017,2017,2,CIN,9,13,HOU,-6.5,0,1,CIN,HOU,,,,,,,,
9/17/2017,2017,2,ATL,34,23,GB,-2.5,1,0,ATL,GB,,,,,,,,
9/17/2017,2017,2,BAL,24,10,CLE,-7.5,1,0,BAL,CLE,,,,,,,,
9/17/2017,2017,2,CAR,9,3,BUF,-7,1,0,CAR,BUF,,,,,,,,
9/17/2017,2017,2,DEN,42,17,DAL,-2,1,0,DAL,DEN,,,,,,,,
9/17/2017,2017,2,IND,13,16,ARI,-7.5,0,1,ARI,IND,,,,,,,,
9/17/2017,2017,2,JAX,16,37,TEN,-1.5,0,1,TEN,TEB,,,,,,,,
9/17/2017,2017,2,KC,27,20,PHI,-4.5,1,0,KC,PHI,,,,,,,,
9/17/2017,2017,2,LAC,17,19,MIA,-4.5,0,1,LAC,MIA,,,,,,,,
9/17/2017,2017,2,LAR,20,27,WAS,-2.5,0,1,LAR,WAS,,,,,,,,
9/17/2017,2017,2,NO,20,36,NE,-7,0,1,NE,NO,,,,,,,,
9/17/2017,2017,2,OAK,45,20,NYJ,-14,1,0,OAK,NYJ,,,,,,,,
9/17/2017,2017,2,PIT,26,9,MIN,-6,1,0,PIT,MIN,,,,,,,,
9/17/2017,2017,2,SEA,12,9,SF,-13.5,1,0,SEA,SF,,,,,,,,
9/17/2017,2017,2,TB,29,7,CHI,-7,1,0,TB,CHI,,,,,,,,
9/18/2017,2017,2,NYG,10,24,DET,-3.5,0,1,NYG,DET,,,,,,,,
9/21/2017,2017,3,SF,39,41,LAR,-2,0,1,LAR,SF,,,,,,,,
9/24/2017,2017,3,BUF,26,16,DEN,-3,1,0,DEN,BUF,,,,,,,,
9/24/2017,2017,3,CAR,13,34,NO,-5,0,1,CAR,NO,,,,,,,,
9/24/2017,2017,3,CHI,23,17,PIT,-7,1,0,PIT,CHI,,,,,,,,
9/24/2017,2017,3,DET,26,30,ATL,-3,0,1,ATL,DET,,,,,,,,
9/24/2017,2017,3,GB,27,24,CIN,-9,1,0,GB,CIN,,,,,,,,
9/24/2017,2017,3,IND,31,28,CLE,-1,1,0,CLE,IND,,,,,,,,
9/24/2017,2017,3,JAX,44,7,BAL,-4,1,0,BAL,JAX,,,,,,,,
9/24/2017,2017,3,LAC,10,24,KC,-3,0,1,KC,LAC,,,,,,,,
9/24/2017,2017,3,MIN,34,17,TB,-1.5,1,0,TB,MIN,,,,,,,,
9/24/2017,2017,3,NE,36,33,HOU,-13,1,0,NE,HOU,,,,,,,,
9/24/2017,2017,3,NYJ,20,6,MIA,-5.5,1,0,MIA,NYJ,,,,,,,,
9/24/2017,2017,3,PHI,27,24,NYG,-6,1,0,PHI,PHI,,,,,,,,
9/24/2017,2017,3,TEN,33,27,SEA,-3,1,0,TEN,SEA,,,,,,,,
9/24/2017,2017,3,WAS,27,10,OAK,-3,1,0,OAK,WAS,,,,,,,,
9/25/2017,2017,3,ARI,17,28,DAL,-3,0,1,DAL,ARI,,,,,,,,
9/28/2017,2017,4,GB,35,14,CHI,-7.5,1,0,GB,CHI,,,,,,,,
10/1/2017,2017,4,ARI,18,15,SF,-6.5,1,0,ARI,SF,,,,,,,,
10/1/2017,2017,4,ATL,17,23,BUF,-8,0,1,ATL,BUF,,,,,,,,
10/1/2017,2017,4,BAL,9,26,PIT,-3,0,1,PIT,BAL,,,,,,,,
10/1/2017,2017,4,CLE,7,31,CIN,-3,0,1,CIN,CLE,,,,,,,,
10/1/2017,2017,4,DAL,30,35,LAR,-6,0,1,DAL,LAR,,,,,,,,
10/1/2017,2017,4,DEN,16,10,OAK,-3,1,0,DEN,OAK,,,,,,,,
10/1/2017,2017,4,HOU,57,14,TEN,-2,1,0,TEN,HOU,,,,,,,,
10/1/2017,2017,4,LAC,24,26,PHI,-1,0,1,LAC,PHI,,,,,,,,
10/1/2017,2017,4,MIA,0,20,NO,-3,0,1,NO,MIA,,,,,,,,
10/1/2017,2017,4,MIN,7,14,DET,-2,0,1,MIN,DET,,,,,,,,
10/1/2017,2017,4,NE,30,33,CAR,-9,0,1,NE,CAR,,,,,,,,
10/1/2017,2017,4,NYJ,23,20,JAX,-3,1,0,JAX,NYJ,,,,,,,,
10/1/2017,2017,4,SEA,46,17,IND,-13,1,0,SEA,SEA,,,,,,,,
10/1/2017,2017,4,TB,25,23,NYG,-3,1,0,TB,NYG,,,,,,,,
10/2/2017,2017,4,KC,29,20,WAS,-7,1,0,KC,WAS,,,,,,,,
10/5/2017,2017,5,TB,14,19,NE,-5,0,1,NE,TB,,,,,,,,
10/8/2017,2017,5,CIN,20,16,BUF,-3,1,0,CIN,BUF,,,,,,,,
10/8/2017,2017,5,CLE,14,17,NYJ,-1.5,0,1,NYJ,CLE,,,,,,,,
10/8/2017,2017,5,DAL,31,35,GB,-2,0,1,DAL,GB,,,,,,,,
10/8/2017,2017,5,DET,24,27,CAR,-2.5,0,1,DET,CAR,,,,,,,,
10/8/2017,2017,5,HOU,34,42,KC,-1,0,1,KC,HOU,,,,,,,,
10/8/2017,2017,5,IND,26,23,SF,-1.5,1,0,IND,SF,,,,,,,,
10/8/2017,2017,5,LAR,10,16,SEA,-1,0,1,LAR,SEA,,,,,,,,
10/8/2017,2017,5,MIA,16,10,TEN,-3,1,0,TEN,MIA,,,,,,,,
10/8/2017,2017,5,NYG,22,27,LAC,-3.5,0,1,NYG,LAC,,,,,,,,
10/8/2017,2017,5,OAK,17,30,BAL,-2.5,0,1,OAK,BAL,,,,,,,,
10/8/2017,2017,5,PHI,34,7,ARI,-6.5,1,0,PHI,ARI,,,,,,,,
10/8/2017,2017,5,PIT,9,30,JAX,-8.5,0,1,PIT,JAX,,,,,,,,
10/9/2017,2017,5,CHI,17,20,MIN,-3,0,1,MIN,CHI,,,,,,,,
10/12/2017,2017,6,CAR,23,28,PHI,-3,0,1,CAR,PHI,,,,,,,,
10/15/2017,2017,6,ARI,38,33,TB,-1.5,1,0,TB,ARI,,,,,,,,
10/15/2017,2017,6,ATL,17,20,MIA,-13.5,0,1,ATL,MIA,,,,,,,,
10/15/2017,2017,6,BAL,24,27,CHI,-6.5,0,1,BAL,CHI,,,,,,,,
10/15/2017,2017,6,DEN,10,23,NYG,-12,0,1,DEN,NYG,,,,,,,,
10/15/2017,2017,6,HOU,33,17,CLE,-9.5,1,0,HOU,CLE,,,,,,,,
10/15/2017,2017,6,JAX,17,27,LAR,-2.5,0,1,JAX,LAR,,,,,,,,
10/15/2017,2017,6,KC,13,19,PIT,-3.5,0,1,KC,PIT,,,,,,,,
10/15/2017,2017,6,MIN,23,10,GB,-3,1,0,GB,MIN,,,,,,,,
10/15/2017,2017,6,NO,52,38,DET,-4,1,0,NO,DET,,,,,,,,
10/15/2017,2017,6,NYJ,17,24,NE,-9,0,1,NE,NYJ,,,,,,,,
10/15/2017,2017,6,OAK,16,17,LAC,-3,0,1,OAK,LAC,,,,,,,,
10/15/2017,2017,6,WAS,26,24,SF,-12,1,0,WAS,SF,,,,,,,,
10/16/2017,2017,6,TEN,36,22,IND,-7,1,0,TEN,IND,,,,,,,,
10/19/2017,2017,7,OAK,31,30,KC,-3,1,0,KC,OAK,,,,,,,,
10/22/2017,2017,7,BUF,30,27,TB,-3,1,0,BUF,TB,,,,,,,,
10/22/2017,2017,7,CHI,17,3,CAR,-3,1,0,CAR,CHI,,,,,,,,
10/22/2017,2017,7,CLE,9,12,TEN,-5.5,0,1,TEN,CLE,,,,,,,,
10/22/2017,2017,7,GB,17,26,NO,-3.5,0,1,NO,GB,,,,,,,,
10/22/2017,2017,7,IND,0,27,JAX,-3,0,1,JAX,IND,,,,,,,,
10/22/2017,2017,7,LAC,21,0,DEN,-1.5,1,0,DEN,LAC,,,,,,,,
10/22/2017,2017,7,LAR,33,0,ARI,-3,1,0,LAR,ARI,,,,,,,,
10/22/2017,2017,7,MIA,31,28,NYJ,-3,1,0,MIA,NYJ,,,,,,,,
10/22/2017,2017,7,MIN,24,16,BAL,-4,1,0,MIN,BAL,,,,,,,,
10/22/2017,2017,7,NE,23,7,ATL,-3,1,0,NE,ATL,,,,,,,,
10/22/2017,2017,7,NYG,7,24,SEA,-3.5,0,1,SEA,NYG,,,,,,,,
10/22/2017,2017,7,PIT,29,14,CIN,-4,1,0,PIT,CIN,,,,,,,,
10/22/2017,2017,7,SF,10,40,DAL,-6.5,0,1,DAL,SF,,,,,,,,
10/23/2017,2017,7,PHI,34,24,WAS,-4.5,1,0,PHI,WAS,,,,,,,,
10/26/2017,2017,8,BAL,40,0,MIA,-3,1,0,BAL,MIA,,,,,,,,
10/29/2017,2017,8,BUF,34,14,OAK,-2.5,1,0,BUF,OAK,,,,,,,,
10/29/2017,2017,8,CIN,24,23,IND,-11,1,0,CIN,IND,,,,,,,,
10/29/2017,2017,8,CLE,16,33,MIN,-9.5,0,1,MIN,CLE,,,,,,,,
10/29/2017,2017,8,DET,15,20,PIT,-3,0,1,PIT,DET,,,,,,,,
10/29/2017,2017,8,NE,21,13,LAC,-7,1,0,NE,LAC,,,,,,,,
10/29/2017,2017,8,NO,20,12,CHI,-9,1,0,NO,CHI,,,,,,,,
10/29/2017,2017,8,NYJ,20,25,ATL,-4.5,0,1,ATL,NYJ,,,,,,,,
10/29/2017,2017,8,PHI,33,10,SF,-13,1,0,PHI,SF,,,,,,,,
10/29/2017,2017,8,SEA,41,38,HOU,-5.5,1,0,SEA,HOU,,,,,,,,
10/29/2017,2017,8,TB,3,17,CAR,-2,0,1,TB,CAR,,,,,,,,
10/29/2017,2017,8,WAS,19,33,DAL,-2,0,1,DAL,WAS,,,,,,,,
10/30/2017,2017,8,KC,29,19,DEN,-7,1,0,KC,DEN,,,,,,,,
11/2/2017,2017,9,NYJ,34,21,BUF,-3,1,0,BUF,NYJ,,,,,,,,
11/5/2017,2017,9,CAR,20,17,ATL,-3,1,0,ATL,CAR,,,,,,,,
11/5/2017,2017,9,DAL,28,17,KC,-2.5,1,0,DAL,KC,,,,,,,,
11/5/2017,2017,9,HOU,14,20,IND,-6,0,1,HOU,IND,,,,,,,,
11/5/2017,2017,9,JAX,23,7,CIN,-6,1,0,JAX,CIN,,,,,,,,
11/5/2017,2017,9,MIA,24,27,OAK,-3,0,1,OAK,MIA,,,,,,,,
11/5/2017,2017,9,NO,30,10,TB,-7,1,0,NO,TB,,,,,,,,
11/5/2017,2017,9,NYG,17,51,LAR,-5.5,0,1,LAR,NYG,,,,,,,,
11/5/2017,2017,9,PHI,51,23,DEN,-7,1,0,PHI,DEN,,,,,,,,
11/5/2017,2017,9,SF,10,20,ARI,-2,0,1,ARI,SF,,,,,,,,
11/5/2017,2017,9,SEA,14,17,WAS,-8,0,1,SEA,WAS,,,,,,,,
11/5/2017,2017,9,TEN,23,20,BAL,-3,1,0,TEN,BAL,,,,,,,,
11/6/2017,2017,9,GB,17,30,DET,-2.5,0,1,DET,GB,,,,,,,,
11/9/2017,2017,10,ARI,16,22,SEA,-6,0,1,SEA,ARI,,,,,,,,
11/12/2017,2017,10,ATL,27,7,DAL,-3.5,1,0,ATL,DAL,,,,,,,,
11/12/2017,2017,10,BUF,10,47,NO,-2,0,1,NO,BUF,,,,,,,,
11/12/2017,2017,10,CHI,16,23,GB,-4.5,0,1,CHI,GB,,,,,,,,
11/12/2017,2017,10,DEN,16,41,NE,-7,0,1,NE,DEN,,,,,,,,
11/12/2017,2017,10,DET,38,24,CLE,-10.5,1,0,DET,CLE,,,,,,,,
11/12/2017,2017,10,IND,17,20,PIT,-10.5,0,1,PIT,IND,,,,,,,,
11/12/2017,2017,10,JAX,20,17,LAC,-5,1,0,JAX,LAC,,,,,,,,
11/12/2017,2017,10,LAR,33,7,HOU,-12,1,0,LAR,HOU,,,,,,,,
11/12/2017,2017,10,SF,31,21,NYG,-3,1,0,NYG,SF,,,,,,,,
11/12/2017,2017,10,TB,15,10,NYJ,-1,1,0,TB,NYJ,,,,,,,,
11/12/2017,2017,10,TEN,24,20,CIN,-4.5,1,0,TEN,CIN,,,,,,,,
11/12/2017,2017,10,WAS,30,38,MIN,-1,0,1,MIN,WAS,,,,,,,,
11/13/2017,2017,10,CAR,45,21,MIA,-8,1,0,CAR,MIA,,,,,,,,
11/16/2017,2017,11,PIT,40,17,TEN,-7,1,0,PIT,TEN,,,,,,,,
11/19/2017,2017,11,CHI,24,27,DET,-3,0,1,DET,CHI,,,,,,,,
11/19/2017,2017,11,CLE,7,19,JAX,-7.5,0,1,JAX,CLE,,,,,,,,
11/19/2017,2017,11,DAL,9,37,PHI,-6,0,1,PHI,DAL,,,,,,,,
11/19/2017,2017,11,DEN,17,20,CIN,-2.5,0,1,DEN,CIN,,,,,,,,
11/19/2017,2017,11,GB,0,23,BAL,-2,0,1,BAL,GB,,,,,,,,
11/19/2017,2017,11,HOU,31,21,ARI,-2,1,0,HOU,ARI,,,,,,,,
11/19/2017,2017,11,LAC,54,24,BUF,-6.5,1,0,LAC,BUF,,,,,,,,
11/19/2017,2017,11,MIA,20,30,TB,-1,0,1,TB,MIA,,,,,,,,
11/19/2017,2017,11,MIN,24,7,LAR,-2.5,1,0,MIN,LAR,,,,,,,,
11/19/2017,2017,11,NO,34,31,WAS,-7.5,1,0,NO,WAS,,,,,,,,
11/19/2017,2017,11,NYG,12,9,KC,-10,1,0,KC,NYG,,,,,,,,
11/19/2017,2017,11,OAK,8,33,NE,-7,0,1,NE,OAK,,,,,,,,
11/20/2017,2017,11,SEA,31,34,ATL,-2,0,1,SEA,ATL,,,,,,,,
11/23/2017,2017,12,DAL,6,28,LAC,-1,0,1,LAC,DAL,,,,,,,,
11/23/2017,2017,12,DET,23,30,MIN,-3,0,1,MIN,DET,,,,,,,,
11/23/2017,2017,12,WAS,20,10,NYG,-7.5,1,0,WAS,NYG,,,,,,,,
11/26/2017,2017,12,ARI,27,24,JAX,-5,1,0,JAX,ARI,,,,,,,,
11/26/2017,2017,12,ATL,34,20,TB,-10,1,0,ATL,TB,,,,,,,,
11/26/2017,2017,12,CIN,30,16,CLE,-8,1,0,CIN,CLE,,,,,,,,
11/26/2017,2017,12,IND,16,20,TEN,-3.5,0,1,TEN,IND,,,,,,,,
11/26/2017,2017,12,KC,10,16,BUF,-10,0,1,KC,BUF,,,,,,,,
11/26/2017,2017,12,LAR,26,20,NO,-2.5,1,0,LAR,NO,,,,,,,,
11/26/2017,2017,12,NE,35,17,MIA,-16.5,1,0,NE,MIA,,,,,,,,
11/26/2017,2017,12,NYJ,27,35,CAR,-5,0,1,CAR,NYJ,,,,,,,,
11/26/2017,2017,12,OAK,21,14,DEN,-5,1,0,OAK,DEN,,,,,,,,
11/26/2017,2017,12,PHI,31,3,CHI,-13.5,1,0,PHI,CHI,,,,,,,,
11/26/2017,2017,12,PIT,31,28,GB,-14,1,0,PIT,GB,,,,,,,,
11/26/2017,2017,12,SF,13,24,SEA,-7,0,1,SEA,SF,,,,,,,,
11/27/2017,2017,12,BAL,23,16,HOU,-7,1,0,BAL,HOU,,,,,,,,
11/30/2017,2017,13,DAL,38,14,WAS,-2,1,0,WAS,DAL,,,,,,,,
12/3/2017,2017,13,ARI,16,32,LAR,-7,0,1,LAR,ARI,,,,,,,,
12/3/2017,2017,13,ATL,9,14,MIN,-3,0,1,ATL,MIN,,,,,,,,
12/3/2017,2017,13,BAL,44,20,DET,-3,1,0,BAL,DET,,,,,,,,
12/3/2017,2017,13,BUF,3,23,NE,-9,0,1,NE,BUF,,,,,,,,
12/3/2017,2017,13,CHI,14,15,SF,-3,0,1,CHI,SF,,,,,,,,
12/3/2017,2017,13,GB,26,20,TB,-2,1,0,GB,TB,,,,,,,,
12/3/2017,2017,13,JAX,30,10,IND,-9.5,1,0,JAX,IND,,,,,,,,
12/3/2017,2017,13,LAC,19,10,CLE,-13.5,1,0,LAC,CLE,,,,,,,,
12/3/2017,2017,13,MIA,35,9,DEN,-1.5,1,0,DEN,MIA,,,,,,,,
12/3/2017,2017,13,NO,31,21,CAR,-4.5,1,0,NO,CAR,,,,,,,,
12/3/2017,2017,13,NYJ,38,31,KC,-3,1,0,KC,NYJ,,,,,,,,
12/3/2017,2017,13,OAK,24,17,NYG,-9,1,0,OAK,NYG,,,,,,,,
12/3/2017,2017,13,SEA,24,10,PHI,-5.5,1,0,PHI,SEA,,,,,,,,
12/3/2017,2017,13,TEN,24,13,HOU,-6.5,1,0,TEN,HOU,,,,,,,,
12/4/2017,2017,13,CIN,20,23,PIT,-4.5,0,1,PIT,CIN,,,,,,,,
12/7/2017,2017,14,ATL,20,17,NO,-2.5,1,0,ATL,NO,,,,,,,,
12/10/2017,2017,14,ARI,12,7,TEN,-2.5,1,0,TEN,ARI,,,,,,,,
12/10/2017,2017,14,BUF,13,7,IND,-3.5,1,0,BUF,IND,,,,,,,,
12/10/2017,2017,14,CAR,31,24,MIN,-2.5,1,0,MIN,CAR,,,,,,,,
12/10/2017,2017,14,CIN,7,33,CHI,-6,0,1,CIN,CHI,,,,,,,,
12/10/2017,2017,14,CLE,21,27,GB,-2.5,0,1,GB,CLE,,,,,,,,
12/10/2017,2017,14,DEN,23,0,NYJ,-1,1,0,NYJ,DEN,,,,,,,,
12/10/2017,2017,14,HOU,16,26,SF,-1,0,1,HOU,SF,,,,,,,,
12/10/2017,2017,14,JAX,30,24,SEA,-3,1,0,JAX,SEA,,,,,,,,
12/10/2017,2017,14,KC,26,15,OAK,-4.5,1,0,KC,OAK,,,,,,,,
12/10/2017,2017,14,LAC,30,13,WAS,-6,1,0,LAC,WAS,,,,,,,,
12/10/2017,2017,14,LAR,35,43,PHI,-1,0,1,LAR,PHI,,,,,,,,
12/10/2017,2017,14,NYG,10,30,DAL,-4,0,1,DAL,NYG,,,,,,,,
12/10/2017,2017,14,PIT,39,38,BAL,-6,1,0,PIT,BAL,,,,,,,,
12/10/2017,2017,14,TB,21,24,DET,0,0,1,PICK,N/A,,,,,,,,
12/11/2017,2017,14,MIA,27,20,NE,-10.5,1,0,NE,MIA,,,,,,,,
12/14/2017,2017,15,IND,13,25,DEN,-3,0,1,DEN,IND,,,,,,,,
12/16/2017,2017,15,DET,20,10,CHI,-5,1,0,DET,CHI,,,,,,,,
12/16/2017,2017,15,KC,30,13,LAC,-1,1,0,LAC,KC,,,,,,,,
12/17/2017,2017,15,BUF,24,16,MIA,-3.5,1,0,BUF,MIA,,,,,,,,
12/17/2017,2017,15,CAR,31,24,GB,-3,1,0,CAR,GB,,,,,,,,
12/17/2017,2017,15,CLE,10,27,BAL,-6.5,0,1,BAL,CLE,,,,,,,,
12/17/2017,2017,15,JAX,45,7,HOU,-10.5,1,0,JAX,HOU,,,,,,,,
12/17/2017,2017,15,MIN,34,7,CIN,-12.5,1,0,MIN,CIN,,,,,,,,
12/17/2017,2017,15,NO,31,19,NYJ,-16.5,1,0,NO,NYJ,,,,,,,,
12/17/2017,2017,15,NYG,29,34,PHI,-7.5,0,1,PHI,NYG,,,,,,,,
12/17/2017,2017,15,OAK,17,20,DAL,-3,0,1,DAL,OAK,,,,,,,,
12/17/2017,2017,15,PIT,24,27,NE,-2.5,0,1,NE,PIT,,,,,,,,
12/17/2017,2017,15,SF,25,23,TEN,-2.5,1,0,SF,TEN,,,,,,,,
12/17/2017,2017,15,SEA,7,42,LAR,-1,0,1,LAR,SEA,,,,,,,,
12/17/2017,2017,15,WAS,20,15,ARI,-4,1,0,WAS,ARI,,,,,,,,
12/18/2017,2017,15,TB,21,24,ATL,-7,0,1,ATL,TB,,,,,,,,
12/23/2017,2017,16,BAL,23,16,IND,-13.5,1,0,BAL,IND,,,,,,,,
12/23/2017,2017,16,GB,0,16,MIN,-8.5,0,1,MIN,GB,,,,,,,,
12/24/2017,2017,16,ARI,23,0,NYG,-3,1,0,ARI,NYG,,,,,,,,
12/24/2017,2017,16,CAR,22,19,TB,-10,1,0,CAR,TB,,,,,,,,
12/24/2017,2017,16,CHI,20,3,CLE,-5.5,1,0,CHI,CLE,,,,,,,,
12/24/2017,2017,16,CIN,26,17,DET,-3.5,1,0,DET,CIN,,,,,,,,
12/24/2017,2017,16,DAL,12,21,SEA,-4.5,0,1,DAL,SEA,,,,,,,,
12/24/2017,2017,16,KC,29,13,MIA,-11,1,0,KC,MIA,,,,,,,,
12/24/2017,2017,16,NE,37,16,BUF,-11,1,0,NE,BUF,,,,,,,,
12/24/2017,2017,16,NO,23,13,ATL,-5.5,1,0,NO,ATL,,,,,,,,
12/24/2017,2017,16,NYJ,7,14,LAC,-7.5,0,1,LAC,NYJ,,,,,,,,
12/24/2017,2017,16,SF,44,33,JAX,-4,1,0,JAX,SF,,,,,,,,
12/24/2017,2017,16,TEN,23,27,LAR,-5.5,0,1,LAR,TEN,,,,,,,,
12/24/2017,2017,16,WAS,27,11,DEN,-3,1,0,WAS,DEN,,,,,,,,
12/25/2017,2017,16,HOU,6,34,PIT,-8,0,1,PIT,HOU,,,,,,,,
12/25/2017,2017,16,PHI,19,10,OAK,-10,1,0,PHI,OAK,,,,,,,,
12/31/2017,2017,17,ATL,22,10,CAR,-5,1,0,ATL,CAR,,,,,,,,
12/31/2017,2017,17,BAL,27,31,CIN,-8,0,1,BAL,CIN,,,,,,,,
12/31/2017,2017,17,DEN,24,27,KC,-3,0,1,DEN,KC,,,,,,,,
12/31/2017,2017,17,DET,35,11,GB,-7.5,1,0,DET,GB,,,,,,,,
12/31/2017,2017,17,IND,22,13,HOU,-5.5,1,0,IND,HOU,,,,,,,,
12/31/2017,2017,17,LAC,30,10,OAK,-7,1,0,LAC,OAK,,,,,,,,
12/31/2017,2017,17,LAR,13,34,SF,-6,0,1,SF,LAR,,,,,,,,
12/31/2017,2017,17,MIA,16,22,BUF,-2.5,0,1,BUF,MIA,,,,,,,,
12/31/2017,2017,17,MIN,23,10,CHI,-13.5,1,0,MIN,CHI,,,,,,,,
12/31/2017,2017,17,NE,26,6,NYJ,-17,1,0,NE,NYJ,,,,,,,,
12/31/2017,2017,17,NYG,18,10,WAS,-4.5,1,0,WAS,NYG,,,,,,,,
12/31/2017,2017,17,PHI,0,6,DAL,-3.5,0,1,DAL,PHI,,,,,,,,
12/31/2017,2017,17,PIT,28,24,CLE,-5,1,0,PIT,CLE,,,,,,,,
12/31/2017,2017,17,SEA,24,26,ARI,-8,0,1,SEA,ARI,,,,,,,,
12/31/2017,2017,17,TB,31,24,NO,-6,1,0,NO,TB,,,,,,,,
12/31/2017,2017,17,TEN,15,10,JAX,-2.5,1,0,TEN,JAX,,,,,,,,
1/6/2018,2017,Wildcard,KC,21,22,TEN,-8.5,0,1,KC,TEN,,,,,,,,
1/6/2018,2017,Wildcard,LAR,13,26,ATL,-6.5,0,1,LAR,ATL,,,,,,,,
1/7/2018,2017,Wildcard,JAX,10,3,BUF,-8,1,0,JAX,BUF,,,,,,,,
1/7/2018,2017,Wildcard,NO,31,26,CAR,-6.5,1,0,NO,CAR,,,,,,,,
1/13/2018,2017,Division,NE,35,14,TEN,-13.5,1,0,NE,TEN,,,,,,,,
1/13/2018,2017,Division,PHI,15,10,ATL,-2.5,1,0,ATL,PHI,,,,,,,,
1/14/2018,2017,Division,MIN,29,24,NO,-5.5,1,0,MIN,NO,,,,,,,,
1/14/2018,2017,Division,PIT,42,45,JAX,-7,0,1,PIT,JAX,,,,,,,,
1/21/2018,2017,Conference,NE,24,20,JAX,-7.5,1,0,NE,JAX,,,,,,,,
1/21/2018,2017,Conference,PHI,38,7,MIN,-3,1,0,MIN,PHI,,,,,,,,
2/4/2018,2017,Superbowl,NE,33,41,PHI,-4.5,0,1,NE,PHI,,,,,,,,
9/6/2018,2018,1,PHI,18,12,ATL,-1,1,0,PHI,ATL,,,,,,,,
9/9/2018,2018,1,ARI,6,24,WAS,-2,0,1,ARI,WAS,,,,,,,,
9/9/2018,2018,1,BAL,47,3,BUF,-7.5,1,0,BAL,BUF,,,,,,,,
9/9/2018,2018,1,CAR,16,8,DAL,-2.5,1,0,CAR,DAL,,,,,,,,
9/9/2018,2018,1,CLE,21,21,PIT,-3.5,0,0,PIT,CLE,,,,,,,,
9/9/2018,2018,1,DEN,27,24,SEA,-3,1,0,DEN,SEA,,,,,,,,
9/9/2018,2018,1,GB,24,23,CHI,-6.5,1,0,GB,CHI,,,,,,,,
9/9/2018,2018,1,IND,23,34,CIN,-1,0,1,CIN,IND,,,,,,,,
9/9/2018,2018,1,LAC,28,38,KC,-3.5,0,1,LAC,KC,,,,,,,,
9/9/2018,2018,1,MIA,27,20,TEN,-1,1,0,TEN,MIA,,,,,,,,
9/9/2018,2018,1,MIN,24,16,SF,-6,1,0,MIN,SF,,,,,,,,
9/9/2018,2018,1,NE,27,20,HOU,-6,1,0,NE,HOU,,,,,,,,
9/9/2018,2018,1,NO,40,48,TB,-10,0,1,NO,TB,,,,,,,,
9/9/2018,2018,1,NYG,15,20,JAX,-2.5,0,1,JAX,NYG,,,,,,,,
9/10/2018,2018,1,DET,17,48,NYJ,-7,0,1,DET,NYJ,,,,,,,,
9/10/2018,2018,1,OAK,13,33,LAR,-6.5,0,1,LAR,OAK,,,,,,,,
9/13/2018,2018,2,CIN,34,23,BAL,-1,1,0,CIN,BAL,,,,,,,,
9/16/2018,2018,2,ATL,31,24,CAR,-5.5,1,0,ATL,CAR,,,,,,,,
9/16/2018,2018,2,BUF,20,31,LAC,-7.5,0,1,LAC,BUF,,,,,,,,
9/16/2018,2018,2,DAL,20,13,NYG,-3,1,0,DAL,NYG,,,,,,,,
9/16/2018,2018,2,DEN,20,19,OAK,-5.5,1,0,DEN,OAK,,,,,,,,
9/16/2018,2018,2,GB,29,29,MIN,-2,0,0,MIN,GB,,,,,,,,
9/16/2018,2018,2,JAX,31,20,NE,-2,1,0,NE,JAX,,,,,,,,
9/16/2018,2018,2,LAR,34,0,ARI,-13.5,1,0,LAR,ARI,,,,,,,,
9/16/2018,2018,2,NO,21,18,CLE,-10,1,0,NO,CLE,,,,,,,,
9/16/2018,2018,2,NYJ,12,20,MIA,-3,0,1,NYJ,MIA,,,,,,,,
9/16/2018,2018,2,PIT,37,42,KC,-4.5,0,1,PIT,KC,,,,,,,,
9/16/2018,2018,2,SF,30,27,DET,-6,1,0,SF,DET,,,,,,,,
9/16/2018,2018,2,TB,27,21,PHI,-3,1,0,PHI,TB,,,,,,,,
9/16/2018,2018,2,TEN,20,17,HOU,-3.5,1,0,HOU,TEN,,,,,,,,
9/16/2018,2018,2,WAS,9,21,IND,-6,0,1,WAS,IND,,,,,,,,
9/17/2018,2018,2,CHI,24,17,SEA,-4.5,1,0,CHI,SEA,,,,,,,,
9/20/2018,2018,3,CLE,21,17,NYJ,-3,1,0,CLE,NYJ,,,,,,,,
9/23/2018,2018,3,ARI,14,16,CHI,-5.5,0,1,CHI,CHI,,,,,,,,
9/23/2018,2018,3,ATL,37,43,NO,-1.5,0,1,ATL,NO,,,,,,,,
9/23/2018,2018,3,BAL,27,14,DEN,-5.5,1,0,BAL,DEN,,,,,,,,
9/23/2018,2018,3,CAR,31,21,CIN,-2.5,1,0,CAR,CIN,,,,,,,,
9/23/2018,2018,3,DET,26,10,NE,-7,1,0,NE,DET,,,,,,,,
9/23/2018,2018,3,HOU,22,27,NYG,-6.5,0,1,HOU,NYG,,,,,,,,
9/23/2018,2018,3,JAX,6,9,TEN,-10,0,1,JAX,TEN,,,,,,,,
9/23/2018,2018,3,KC,38,27,SF,-5.5,1,0,KC,SF,,,,,,,,
9/23/2018,2018,3,LAR,35,23,LAC,-7.5,1,0,LAR,LAC,,,,,,,,
9/23/2018,2018,3,MIA,28,20,OAK,-3,1,0,MIA,OAK,,,,,,,,
9/23/2018,2018,3,MIN,6,27,BUF,-16.5,0,1,MIN,BUF,,,,,,,,
9/23/2018,2018,3,PHI,20,16,IND,-6.5,1,0,PHI,IND,,,,,,,,
9/23/2018,2018,3,SEA,24,13,DAL,-1,1,0,SEA,DAL,,,,,,,,
9/23/2018,2018,3,WAS,31,17,GB,-2.5,1,0,GB,WAS,,,,,,,,
9/24/2018,2018,3,TB,27,30,PIT,-1,0,1,PIT,TB,,,,,,,,
9/27/2018,2018,4,LAR,38,31,MIN,-7.5,1,0,LAR,MIN,,,,,,,,
9/30/2018,2018,4,ARI,17,20,SEA,-3.5,0,1,SEA,ARI,,,,,,,,
9/30/2018,2018,4,ATL,36,37,CIN,-3.5,0,1,ATL,CIN,,,,,,,,
9/30/2018,2018,4,CHI,48,10,TB,-3,1,0,CHI,TB,,,,,,,,
9/30/2018,2018,4,DAL,26,24,DET,-2.5,1,0,DAL,DET,,,,,,,,
9/30/2018,2018,4,GB,22,0,BUF,-8.5,1,0,GB,BUF,,,,,,,,
9/30/2018,2018,4,IND,34,37,HOU,-1,0,1,IND,HOU,,,,,,,,
9/30/2018,2018,4,JAX,31,12,NYJ,-7.5,1,0,JAX,NYJ,,,,,,,,
9/30/2018,2018,4,LAC,29,27,SF,-10.5,1,0,LAC,SF,,,,,,,,
9/30/2018,2018,4,NE,38,7,MIA,-6.5,1,0,NE,MIA,,,,,,,,
9/30/2018,2018,4,NYG,18,33,NO,-3.5,0,1,NO,NYG,,,,,,,,
9/30/2018,2018,4,OAK,45,42,CLE,-2.5,1,0,OAK,CLE,,,,,,,,
9/30/2018,2018,4,PIT,14,26,BAL,-3,0,1,PIT,BAL,,,,,,,,
9/30/2018,2018,4,TEN,26,23,PHI,-3,1,0,PHI,TEN,,,,,,,,
10/1/2018,2018,4,DEN,23,27,KC,-3.5,0,1,KC,DEN,,,,,,,,
10/4/2018,2018,5,NE,38,24,IND,-10.5,1,0,NE,IND,,,,,,,,
10/7/2018,2018,5,BUF,13,12,TEN,-6,1,0,TEN,BUF,,,,,,,,
10/7/2018,2018,5,CAR,33,31,NYG,-7,1,0,CAR,NYG,,,,,,,,
10/7/2018,2018,5,CIN,27,17,MIA,-6.5,1,0,CIN,MIA,,,,,,,,
10/7/2018,2018,5,CLE,12,9,BAL,-3,1,0,BAL,CLE,,,,,,,,
10/7/2018,2018,5,DET,31,23,GB,-1,1,0,GB,DET,,,,,,,,
10/7/2018,2018,5,HOU,19,16,DAL,-3.5,1,0,HOU,DAL,,,,,,,,
10/7/2018,2018,5,KC,30,14,JAX,-3,1,0,KC,JAX,,,,,,,,
10/7/2018,2018,5,LAC,26,10,OAK,-5,1,0,LAC,OAK,,,,,,,,
10/7/2018,2018,5,NYJ,34,16,DEN,-1,1,0,NYJ,DEN,,,,,,,,
10/7/2018,2018,5,PHI,21,23,MIN,-3.5,0,1,PHI,MIN,,,,,,,,
10/7/2018,2018,5,PIT,41,17,ATL,-3.5,1,0,PIT,ATL,,,,,,,,
10/7/2018,2018,5,SF,18,28,ARI,-3,0,1,SF,ARO,,,,,,,,
10/7/2018,2018,5,SEA,31,33,LAR,-7.5,0,1,LAR,SEA,,,,,,,,
10/8/2018,2018,5,NO,43,19,WAS,-5.5,1,0,NO,WAS,,,,,,,,
10/11/2018,2018,6,NYG,13,34,PHI,-1.5,0,1,PHI,NYG,,,,,,,,
10/14/2018,2018,6,ATL,34,29,TB,-3,1,0,ATL,TB,,,,,,,,
10/14/2018,2018,6,CIN,21,28,PIT,-1.5,0,1,CIN,PIT,,,,,,,,
10/14/2018,2018,6,CLE,14,38,LAC,-1,0,1,CLE,CLE,,,,,,,,
10/14/2018,2018,6,DAL,40,7,JAX,-3,1,0,JAX,DAL,,,,,,,,
10/14/2018,2018,6,DEN,20,23,LAR,-7,0,1,LAR,DEN,,,,,,,,
10/14/2018,2018,6,HOU,20,13,BUF,-10.5,1,0,HOU,BUF,,,,,,,,
10/14/2018,2018,6,MIA,31,28,CHI,-7.5,1,0,CHI,MIA,,,,,,,,
10/14/2018,2018,6,MIN,27,17,ARI,-10,1,0,MIN,ARI,,,,,,,,
10/14/2018,2018,6,NE,43,40,KC,-3.5,1,0,NE,KC,,,,,,,,
10/14/2018,2018,6,NYJ,42,34,IND,-2.5,1,0,NYJ,IND,,,,,,,,
10/14/2018,2018,6,OAK,3,27,SEA,-3,0,1,SEA,OAK,,,,,,,,
10/14/2018,2018,6,TEN,0,21,BAL,-2.5,0,1,BAL,TEN,,,,,,,,
10/14/2018,2018,6,WAS,23,17,CAR,-1,1,0,CAR,WAS,,,,,,,,
10/15/2018,2018,6,GB,33,30,SF,-9,1,0,GB,SF,,,,,,,,
10/18/2018,2018,7,ARI,10,45,DEN,-1,0,1,DEN,ARI,,,,,,,,
10/21/2018,2018,7,BAL,23,24,NO,-2.5,0,1,BAL,NO,,,,,,,,
10/21/2018,2018,7,CHI,31,38,NE,-1,0,1,NE,CHI,,,,,,,,
10/21/2018,2018,7,IND,37,5,BUF,-7,1,0,IND,BUF,,,,,,,,
10/21/2018,2018,7,JAX,7,20,HOU,-3.5,0,1,JAX,HOU,,,,,,,,
10/21/2018,2018,7,KC,45,10,CIN,-6.5,1,0,KC,CIN,,,,,,,,
10/21/2018,2018,7,LAC,20,19,TEN,-6.5,1,0,LAC,TEN,,,,,,,,
10/21/2018,2018,7,MIA,21,32,DET,-3,0,1,DET,MIA,,,,,,,,
10/21/2018,2018,7,NYJ,17,37,MIN,-3.5,0,1,MIN,NYJ,,,,,,,,
10/21/2018,2018,7,PHI,17,21,CAR,-5,0,1,PHI,CAR,,,,,,,,
10/21/2018,2018,7,SF,10,39,LAR,-8,0,1,LAR,SF,,,,,,,,
10/21/2018,2018,7,TB,26,23,CLE,-3.5,1,0,TB,CLE,,,,,,,,
10/21/2018,2018,7,WAS,20,17,DAL,-1,1,0,DAL,WAS,,,,,,,,
10/22/2018,2018,7,ATL,23,20,NYG,-4,1,0,ATL,NYG,,,,,,,,
10/25/2018,2018,8,HOU,42,23,MIA,-7.5,1,0,HOU,MIA,,,,,,,,
10/28/2018,2018,8,ARI,18,15,SF,-2.5,1,0,ARI,SF,,,,,,,,
10/28/2018,2018,8,CAR,36,21,BAL,-2.5,1,0,BAL,CAR,,,,,,,,
10/28/2018,2018,8,CHI,24,10,NYJ,-8.5,1,0,CHI,NYJ,,,,,,,,
10/28/2018,2018,8,CIN,37,34,TB,-3.5,1,0,CIN,TB,,,,,,,,
10/28/2018,2018,8,DET,14,28,SEA,-3,0,1,DET,SEA,,,,,,,,
10/28/2018,2018,8,JAX,18,24,PHI,-3.5,0,1,PHI,JAX,,,,,,,,
10/28/2018,2018,8,KC,30,23,DEN,-8.5,1,0,KC,DEN,,,,,,,,
10/28/2018,2018,8,LAR,29,27,GB,-7.5,1,0,LAR,GB,,,,,,,,
10/28/2018,2018,8,MIN,20,30,NO,-2.5,0,1,MIN,NO,,,,,,,,
10/28/2018,2018,8,NYG,13,20,WAS,-1,0,1,WAS,NYG,,,,,,,,
10/28/2018,2018,8,OAK,28,42,IND,-3.5,0,1,IND,OAK,,,,,,,,
10/28/2018,2018,8,PIT,33,18,CLE,-8.5,1,0,PIT,CLE,,,,,,,,
10/29/2018,2018,8,BUF,6,25,NE,-13.5,0,1,NE,BUF,,,,,,,,
11/1/2018,2018,9,SF,34,3,OAK,-1.5,1,0,OAK,SF,,,,,,,,
11/4/2018,2018,9,BAL,16,23,PIT,-1.5,0,1,BAL,PIT,,,,,,,,
11/4/2018,2018,9,BUF,9,41,CHI,-10.5,0,1,CHI,BUF,,,,,,,,
11/4/2018,2018,9,CAR,42,28,TB,-6,1,0,CAR,TB,,,,,,,,
11/4/2018,2018,9,CLE,21,37,KC,-7.5,0,1,KC,CLE,,,,,,,,
11/4/2018,2018,9,DEN,17,19,HOU,-1,0,1,DEN,HOU,,,,,,,,
11/4/2018,2018,9,MIA,13,6,NYJ,-3,1,0,MIA,NYJ,,,,,,,,
11/4/2018,2018,9,MIN,24,9,DET,-4.5,1,0,MIN,DET,,,,,,,,
11/4/2018,2018,9,NE,31,17,GB,-5,1,0,NE,GB,,,,,,,,
11/4/2018,2018,9,NO,45,35,LAR,-1.5,1,0,LAR,NO,,,,,,,,
11/4/2018,2018,9,SEA,17,25,LAC,-1,0,1,SEA,LAC,,,,,,,,
11/4/2018,2018,9,WAS,14,38,ATL,-1.5,0,1,WAS,ATL,,,,,,,,
11/5/2018,2018,9,DAL,14,28,TEN,-4.5,0,1,DAL,TEN,,,,,,,,
11/8/2018,2018,10,PIT,52,21,CAR,-3.5,1,0,PIT,CAR,,,,,,,,
11/11/2018,2018,10,CHI,34,22,DET,-7.5,1,0,CHI,DET,,,,,,,,
11/11/2018,2018,10,CIN,14,51,NO,-6,0,1,NO,CIN,,,,,,,,
11/11/2018,2018,10,CLE,28,16,ATL,-5.5,1,0,ATL,CLE,,,,,,,,
11/11/2018,2018,10,GB,31,12,MIA,-11,1,0,GB,MIA,,,,,,,,
11/11/2018,2018,10,IND,29,26,JAX,-3,1,0,IND,JAX,,,,,,,,
11/11/2018,2018,10,KC,26,14,ARI,-16.5,1,0,KC,ARI,,,,,,,,
11/11/2018,2018,10,LAR,36,31,SEA,-10,1,0,LAR,SEA,,,,,,,,
11/11/2018,2018,10,NYJ,10,41,BUF,-7,0,1,NYJ,BUF,,,,,,,,
11/11/2018,2018,10,OAK,6,20,LAC,-10.5,0,1,LAC,OAK,,,,,,,,
11/11/2018,2018,10,PHI,20,27,DAL,-7.5,0,1,PHI,DAL,,,,,,,,
11/11/2018,2018,10,TB,3,16,WAS,-3.5,0,1,TB,WAS,,,,,,,,
11/11/2018,2018,10,TEN,34,10,NE,-6.5,1,0,NE,TEN,,,,,,,,
11/12/2018,2018,10,SF,23,27,NYG,-3,0,1,SF,NYG,,,,,,,,
11/15/2018,2018,11,SEA,27,24,GB,-3,1,0,SEA,GB,,,,,,,,
11/18/2018,2018,11,ARI,21,23,OAK,-4.5,0,1,ARI,OAK,,,,,,,,
11/18/2018,2018,11,ATL,19,22,DAL,-3.5,0,1,ATL,DAL,,,,,,,,
11/18/2018,2018,11,BAL,24,21,CIN,-6.5,1,0,BAL,CIN,,,,,,,,
11/18/2018,2018,11,CHI,25,20,MIN,-2.5,1,0,CHI,MIN,,,,,,,,
11/18/2018,2018,11,DET,20,19,CAR,-4,1,0,CAR,DET,,,,,,,,
11/18/2018,2018,11,IND,38,10,TEN,-1,1,0,IND,TEB,,,,,,,,
11/18/2018,2018,11,JAX,16,20,PIT,-4,0,1,PIT,JAX,,,,,,,,
11/18/2018,2018,11,LAC,22,23,DEN,-7.5,0,1,LAC,DEN,,,,,,,,
11/18/2018,2018,11,NO,48,7,PHI,-7,1,0,NO,PHI,,,,,,,,
11/18/2018,2018,11,NYG,38,35,TB,-3,1,0,NYG,TB,,,,,,,,
11/18/2018,2018,11,WAS,21,23,HOU,-3,0,1,HOU,WAS,,,,,,,,
11/19/2018,2018,11,LAR,54,51,KC,-3,1,0,LAR,KC,,,,,,,,
11/22/2018,2018,12,DAL,31,23,WAS,-7,1,0,DAL,WAS,,,,,,,,
11/22/2018,2018,12,DET,16,23,CHI,-3,0,1,CHI,DET,,,,,,,,
11/22/2018,2018,12,NO,31,17,ATL,-11.5,1,0,NO,ATL,,,,,,,,
11/25/2018,2018,12,BAL,34,17,OAK,-13,1,0,BAL,OAK,,,,,,,,
11/25/2018,2018,12,BUF,24,21,JAX,-3,1,0,JAX,BUF,,,,,,,,
11/25/2018,2018,12,CAR,27,30,SEA,-3,0,1,CAR,SEA,,,,,,,,
11/25/2018,2018,12,CIN,20,35,CLE,-1,0,1,CLE,CIN,,,,,,,,
11/25/2018,2018,12,DEN,24,17,PIT,-3,1,0,PIT,DEN,,,,,,,,
11/25/2018,2018,12,IND,27,24,MIA,-9,1,0,IND,MIA,,,,,,,,
11/25/2018,2018,12,LAC,45,10,ARI,-14,1,0,LAC,ARI,,,,,,,,
11/25/2018,2018,12,MIN,24,17,GB,-3.5,1,0,MIN,GB,,,,,,,,
11/25/2018,2018,12,NYJ,13,27,NE,-13,0,1,NE,NYJ,,,,,,,,
11/25/2018,2018,12,PHI,25,22,NYG,-4.5,1,0,PHI,NYG,,,,,,,,
11/25/2018,2018,12,TB,27,9,SF,-1.5,1,0,TB,SF,,,,,,,,
11/26/2018,2018,12,HOU,34,17,TEN,-3.5,1,0,HOU,TEN,,,,,,,,
11/29/2018,2018,13,DAL,13,10,NO,-7.5,1,0,NO,DAL,,,,,,,,
12/2/2018,2018,13,ATL,16,26,BAL,-2.5,0,1,ATL,BAL,,,,,,,,
12/2/2018,2018,13,CIN,10,24,DEN,-4,0,1,DEN,CIN,,,,,,,,
12/2/2018,2018,13,DET,16,30,LAR,-10.5,0,1,LAR,DET,,,,,,,,
12/2/2018,2018,13,GB,17,20,ARI,-13.5,0,1,GB,ARI,,,,,,,,
12/2/2018,2018,13,HOU,29,13,CLE,-5,1,0,HOU,CLE,,,,,,,,
12/2/2018,2018,13,JAX,6,0,IND,-4,1,0,IND,JAX,,,,,,,,
12/2/2018,2018,13,MIA,21,17,BUF,-3.5,1,0,MIA,BUF,,,,,,,,
12/2/2018,2018,13,NE,24,10,MIN,-6,1,0,NE,MIN,,,,,,,,
12/2/2018,2018,13,NYG,30,27,CHI,-4,1,0,CHI,NYG,,,,,,,,
12/2/2018,2018,13,OAK,33,40,KC,-14,0,1,KC,OAK,,,,,,,,
12/2/2018,2018,13,PIT,30,33,LAC,-3,0,1,PIT,LAC,,,,,,,,
12/2/2018,2018,13,SEA,43,16,SF,-10,1,0,SEA,SF,,,,,,,,
12/2/2018,2018,13,TB,24,17,CAR,-3.5,1,0,CAR,TB,,,,,,,,
12/2/2018,2018,13,TEN,26,22,NYJ,-10.5,1,0,TEN,NYJ,,,,,,,,
12/3/2018,2018,13,PHI,28,13,WAS,-5.5,1,0,PHI,WAS,,,,,,,,
12/6/2018,2018,14,TEN,30,9,JAX,-5.5,1,0,TEN,JAX,,,,,,,,
12/9/2018,2018,14,ARI,3,17,DET,-2.5,0,1,DET,ARI,,,,,,,,
12/9/2018,2018,14,BUF,23,27,NYJ,-4.5,0,1,BUF,NYJ,,,,,,,,
12/9/2018,2018,14,CHI,15,6,LAR,-3,1,0,LAR,CHI,,,,,,,,
12/9/2018,2018,14,CLE,26,20,CAR,-1,1,0,CAR,CLE,,,,,,,,
12/9/2018,2018,14,DAL,29,23,PHI,-3.5,1,0,DAL,PHI,,,,,,,,
12/9/2018,2018,14,GB,34,20,ATL,-4,1,0,GB,ATL,,,,,,,,
12/9/2018,2018,14,HOU,21,24,IND,-4,0,1,HOU,IND,,,,,,,,
12/9/2018,2018,14,KC,27,24,BAL,-6.5,1,0,KC,BAL,,,,,,,,
12/9/2018,2018,14,LAC,26,21,CIN,-17,1,0,LAC,CIN,,,,,,,,
12/9/2018,2018,14,MIA,34,33,NE,-9.5,1,0,NE,MIA,,,,,,,,
12/9/2018,2018,14,OAK,24,21,PIT,-10.5,1,0,PIT,OAK,,,,,,,,
12/9/2018,2018,14,SF,20,14,DEN,-3,1,0,DEN,SF,,,,,,,,
12/9/2018,2018,14,TB,14,28,NO,-10,0,1,NO,TB,,,,,,,,
12/9/2018,2018,14,WAS,16,40,NYG,-3,0,1,NYG,WAS,,,,,,,,
12/10/2018,2018,14,SEA,21,7,MIN,-3,1,0,SEA,MIN,,,,,,,,
12/13/2018,2018,15,KC,28,29,LAC,-3.5,0,1,KC,LAC,,,,,,,,
12/15/2018,2018,15,DEN,16,17,CLE,-1,0,1,DEN,CLE,,,,,,,,
12/15/2018,2018,15,NYJ,22,29,HOU,-7,0,1,HOU,NYJ,,,,,,,,
12/16/2018,2018,15,ATL,40,14,ARI,-10,1,0,ATL,ARI,,,,,,,,
12/16/2018,2018,15,BAL,20,12,TB,-8.5,1,0,BAL,TB,,,,,,,,
12/16/2018,2018,15,BUF,14,13,DET,-2.5,1,0,BUF,DET,,,,,,,,
12/16/2018,2018,15,CHI,24,17,GB,-5.5,1,0,CHI,GB,,,,,,,,
12/16/2018,2018,15,CIN,30,16,OAK,-3,1,0,CIN,OAK,,,,,,,,
12/16/2018,2018,15,IND,23,0,DAL,-3,1,0,IND,DAL,,,,,,,,
12/16/2018,2018,15,JAX,13,16,WAS,-7.5,0,1,JAX,WAS,,,,,,,,
12/16/2018,2018,15,LAR,23,30,PHI,-13.5,0,1,LAR,PHI,,,,,,,,
12/16/2018,2018,15,MIN,41,17,MIA,-7.5,1,0,MIN,MIA,,,,,,,,
12/16/2018,2018,15,NYG,0,17,TEN,-2.5,0,1,TEN,NYG,,,,,,,,
12/16/2018,2018,15,PIT,17,10,NE,-2.5,1,0,NE,PIT,,,,,,,,
12/16/2018,2018,15,SF,26,23,SEA,-3.5,1,0,SEA,SF,,,,,,,,
12/17/2018,2018,15,CAR,9,12,NO,-6,0,1,NO,CAR,,,,,,,,
12/22/2018,2018,16,LAC,10,22,BAL,-4,0,1,LAC,BAL,,,,,,,,
12/22/2018,2018,16,TEN,25,16,WAS,-11.5,1,0,TEN,WAS,,,,,,,,
12/23/2018,2018,16,ARI,9,31,LAR,-14.5,0,1,LAR,ARI,,,,,,,,
12/23/2018,2018,16,CAR,10,24,ATL,-3,0,1,ATL,CAR,,,,,,,,
12/23/2018,2018,16,CLE,26,18,CIN,-10,1,0,CLE,CIN,,,,,,,,
12/23/2018,2018,16,DAL,27,20,TB,-7.5,1,0,DAL,TB,,,,,,,,
12/23/2018,2018,16,DET,9,27,MIN,-6.5,0,1,MIN,DET,,,,,,,,
12/23/2018,2018,16,IND,28,27,NYG,-10,1,0,IND,NYG,,,,,,,,
12/23/2018,2018,16,MIA,7,17,JAX,-3,0,1,MIA,JAX,,,,,,,,
12/23/2018,2018,16,NE,24,12,BUF,-13.5,1,0,NE,BUF,,,,,,,,
12/23/2018,2018,16,NO,31,28,PIT,-6.5,1,0,NO,PIT,,,,,,,,
12/23/2018,2018,16,NYJ,38,44,GB,-3,0,1,GB,NYJ,,,,,,,,
12/23/2018,2018,16,PHI,32,30,HOU,-1,1,0,PHI,HOU,,,,,,,,
12/23/2018,2018,16,SF,9,14,CHI,-4,0,1,CHI,SF,,,,,,,,
12/23/2018,2018,16,SEA,38,31,KC,-1,1,0,KC,SEA,,,,,,,,
12/24/2018,2018,16,OAK,27,14,DEN,-2.5,1,0,DEN,OAK,,,,,,,,
12/30/2018,2018,17,BAL,26,24,CLE,-7,1,0,BAL,CLE,,,,,,,,
12/30/2018,2018,17,BUF,42,17,MIA,-5.5,1,0,BUF,MIA,,,,,,,,
12/30/2018,2018,17,DEN,9,23,LAC,-7,0,1,LAC,DEN,,,,,,,,
12/30/2018,2018,17,GB,0,31,DET,-7.5,0,1,GB,DET,,,,,,,,
12/30/2018,2018,17,HOU,20,3,JAX,-7,1,0,HOU,JAX,,,,,,,,
12/30/2018,2018,17,KC,35,3,OAK,-14.5,1,0,KC,OAK,,,,,,,,
12/30/2018,2018,17,LAR,48,32,SF,-10.5,1,0,LAR,SF,,,,,,,,
12/30/2018,2018,17,MIN,10,24,CHI,-6,0,1,MIN,CHI,,,,,,,,
12/30/2018,2018,17,NE,38,3,NYJ,-14.5,1,0,NE,NYJ,,,,,,,,
12/30/2018,2018,17,NO,14,33,CAR,-8,0,1,NO,CAR,,,,,,,,
12/30/2018,2018,17,NYG,35,36,DAL,-7.5,0,1,NYG,DAL,,,,,,,,
12/30/2018,2018,17,PIT,16,13,CIN,-14,1,0,PIT,CIN,,,,,,,,
12/30/2018,2018,17,SEA,27,24,ARI,-14,1,0,SEA,ARI,,,,,,,,
12/30/2018,2018,17,TB,32,34,ATL,-2.5,0,1,ATL,TB,,,,,,,,
12/30/2018,2018,17,TEN,17,33,IND,-5.5,0,1,IND,TEN,,,,,,,,
12/30/2018,2018,17,WAS,0,24,PHI,-6,0,1,PHI,WAS,,,,,,,,
1/5/2019,2018,Wildcard,DAL,24,22,SEA,-2.5,1,0,DAL,SEA,,,,,,,,
1/5/2019,2018,Wildcard,HOU,7,21,IND,-2,0,1,HOU,IND,,,,,,,,
1/6/2019,2018,Wildcard,BAL,17,23,LAC,-3,0,1,BAL,LAC,,,,,,,,
1/6/2019,2018,Wildcard,CHI,15,16,PHI,-6.5,0,1,CHI,PHI,,,,,,,,
1/12/2019,2018,Division,KC,31,13,IND,-4,1,0,KC,IND,,,,,,,,
1/12/2019,2018,Division,LAR,30,22,DAL,-7.5,1,0,LAR,DAL,,,,,,,,
1/13/2019,2018,Division,NE,41,28,LAC,-3.5,1,0,NE,LAC,,,,,,,,
1/13/2019,2018,Division,NO,20,14,PHI,-8.5,1,0,NO,PHI,,,,,,,,
1/20/2019,2018,Conference,KC,31,37,NE,-3,0,1,KC,NE,,,,,,,,
1/20/2019,2018,Conference,NO,23,26,LAR,-3,0,1,NO,LAR,,,,,,,,
2/3/2019,2018,Superbowl,LAR,3,13,NE,-2,0,1,NE,LAR,,,,,,,,
